Rank_x,"City, Country_0",Cost of Living Index_x,Rent Index,Cost of Living Plus Rent Index,Groceries Index,Restaurant Price Index,Local Purchasing Power Index,Rank_y,Price To Income Ratio,Gross Rental Yield City Centre,Gross Rental Yield Outside of Centre,Price To Rent Ratio City Centre,Price To Rent Ratio Outside Of City Centre,Mortgage As A Percentage Of Income,Affordability Index,Rank,Quality of Life Index,Purchasing Power Index,Safety Index,Health Care Index,Cost of Living Index_y,Property Price to Income Ratio,Traffic Commute Time Index,Pollution Index,Climate Index,Country,City,"City, Country"
156,"Aachen, Germany",61.3,20.5,42.0,56.7,52.1,110.7,156,10.0,3.3,3.6,30.7,28.4,71.5,1.5,29.5,186.3,128.0,61.7,74.8,63.6,9.4,30.4,33.3,82.1, Germany,Aachen,"Aachen, Germany"
36,"Aarhus, Denmark",77.0,29.8,54.6,70.1,81.7,103.9,199,7.7,4.1,4.7,24.6,21.5,56.7,1.8,8.0,198.9,116.9,74.4,77.0,74.7,8.4,27.7,21.1,83.7, Denmark,Aarhus,"Aarhus, Denmark"
123,"Aberdeen, United Kingdom",65.1,24.4,45.8,56.1,61.3,113.8,135,11.2,4.4,4.9,23.2,20.8,94.7,1.2,73.0,163.7,107.7,50.0,74.8,65.8,8.8,35.8,44.7,86.3, United Kingdom,Aberdeen,"Aberdeen, United Kingdom"
164,"Abu Dhabi, United Arab Emirates",59.3,46.8,53.4,43.1,63.6,105.9,213,6.5,6.0,5.4,16.6,18.5,53.5,1.9,30.0,184.7,141.1,88.1,71.0,54.5,6.5,31.7,46.6,43.9, United Arab Emirates,Abu Dhabi,"Abu Dhabi, United Arab Emirates"
345,"Accra, Ghana",27.4,10.6,19.4,29.0,23.2,14.3,137,12.1,5.6,5.7,23.3,22.2,130.3,1.4,94.9,150.2,92.9,57.9,67.5,53.5,12.2,36.1,49.8,77.7, Ghana,Accra,"Accra, Ghana"
210,"Addis Ababa, Ethiopia",46.7,15.8,32.0,45.1,22.9,9.3,1,51.6,6.6,4.8,15.2,20.7,861.5,0.1,94.9,150.2,92.9,57.9,67.5,53.5,12.2,36.1,49.8,77.7, Ethiopia,Addis Ababa,"Addis Ababa, Ethiopia"
25,"Adelaide, Australia",81.7,35.0,59.6,80.5,87.8,72.2,187,8.2,4.5,5.3,22.1,18.9,71.5,1.4,25.0,186.8,103.5,67.6,73.9,75.5,8.2,35.5,24.3,95.0, Australia,Adelaide,"Adelaide, Australia"
356,"Ahmedabad, India",24.2,5.8,15.5,26.6,17.4,50.5,172,10.7,3.0,3.2,34.3,31.8,116.3,1.1,146.0,123.9,65.6,67.8,67.3,22.9,9.3,39.0,72.7,49.3, India,Ahmedabad,"Ahmedabad, India"
77,"Albuquerque, NM, United States",69.8,41.6,56.4,73.3,73.5,124.7,253,2.8,12.7,11.7,7.9,8.6,25.3,3.9,60.0,173.5,142.4,28.4,62.8,61.8,2.8,27.0,33.9,67.1, United States,Albuquerque,"Albuquerque, United States"
342,"Alexandria, Egypt",27.8,5.7,17.3,27.8,23.2,12.9,57,16.0,6.1,6.2,16.4,16.1,258.1,0.4,190.0,74.1,18.0,49.3,45.9,20.4,18.0,49.9,90.8,88.5, Egypt,Alexandria,"Alexandria, Egypt"
308,"Algiers, Algeria",32.3,5.4,19.6,39.4,16.3,25.3,21,25.5,2.5,2.7,40.2,36.9,225.8,0.4,94.9,150.2,92.9,57.9,67.5,53.5,12.2,36.1,49.8,77.7, Algeria,Algiers,"Algiers, Algeria"
194,"Alicante, Spain",50.4,20.6,36.2,48.8,44.5,65.2,167,9.2,6.0,7.1,17.5,14.8,62.6,1.8,45.0,179.3,94.7,64.9,79.0,50.3,8.4,26.1,40.2,91.7, Spain,Alicante,"Alicante, Spain"
279,"Almaty, Kazakhstan",35.9,19.4,28.1,33.3,33.7,37.7,117,12.0,8.3,8.0,12.0,12.5,215.6,0.5,180.0,92.9,46.1,46.3,48.7,34.9,12.0,39.7,78.4,58.3, Kazakhstan,Almaty,"Almaty, Kazakhstan"
227,"Amman, Jordan",44.5,8.8,27.5,38.0,36.7,36.0,193,7.9,6.1,7.2,16.4,13.8,77.8,1.3,148.0,119.9,43.2,61.5,65.1,42.5,7.9,40.3,77.2,89.0, Jordan,Amman,"Amman, Jordan"
75,"Amsterdam, Netherlands",69.9,49.9,60.4,58.1,76.7,90.0,148,10.3,4.6,5.3,21.8,19.0,74.9,1.3,10.0,196.9,113.0,71.5,79.0,67.5,10.3,23.5,24.2,87.5, Netherlands,Amsterdam,"Amsterdam, Netherlands"
48,"Anchorage, AK, United States",77.1,51.2,64.8,77.7,72.9,119.7,252,2.9,10.4,9.8,9.6,10.2,25.8,3.9,61.4,171.1,133.3,48.1,67.0,75.2,4.8,37.3,42.8,79.3, United States,Anchorage,"Anchorage, United States"
298,"Ankara, Turkey",33.5,12.6,23.6,30.7,25.3,43.5,144,10.6,6.4,6.6,15.6,15.1,437.1,0.2,133.0,133.7,51.7,60.4,69.2,32.8,10.6,36.3,65.0,91.5, Turkey,Ankara,"Ankara, Turkey"
48,"Ann Arbor, MI, United States",77.1,51.2,64.8,77.7,72.9,119.7,247,3.3,11.1,10.6,9.0,9.4,29.1,3.4,61.4,171.1,133.3,48.1,67.0,75.2,4.8,37.3,42.8,79.3, United States,Ann Arbor,"Ann Arbor, United States"
278,"Antalya, Turkey",35.9,15.5,26.2,30.5,31.8,30.0,80,14.4,6.5,8.8,15.4,11.4,282.7,0.4,123.5,137.6,52.7,62.6,72.5,33.6,11.5,40.2,60.2,93.7, Turkey,Antalya,"Antalya, Turkey"
97,"Antwerp, Belgium",67.1,23.2,46.3,59.1,71.2,83.2,200,7.7,4.7,4.6,21.2,21.5,52.1,1.9,106.0,148.2,103.5,44.7,73.6,65.7,6.9,36.8,61.6,83.8, Belgium,Antwerp,"Antwerp, Belgium"
296,"Astana (Nur-Sultan), Kazakhstan",33.6,12.5,23.6,32.3,29.8,40.0,194,7.9,9.5,9.2,10.6,10.8,129.1,0.8,180.0,92.9,46.1,46.3,48.7,34.9,12.0,39.7,78.4,58.3, Kazakhstan,Astana ,"Astana , Kazakhstan"
170,"Athens, Greece",55.9,16.4,37.2,49.5,54.9,43.3,71,15.0,4.3,3.9,23.0,25.4,114.0,0.9,149.0,119.2,49.9,44.1,57.0,52.6,15.0,38.6,56.7,95.2, Greece,Athens,"Athens, Greece"
26,"Atlanta, GA, United States",80.3,47.4,64.7,81.0,78.0,139.2,257,2.7,11.1,12.4,9.0,8.1,24.2,4.1,46.0,178.2,161.7,35.6,66.4,75.4,2.7,41.3,44.8,89.7, United States,Atlanta,"Atlanta, United States"
54,"Auckland, New Zealand",73.2,39.1,57.0,75.9,63.2,95.4,155,10.0,3.5,3.4,28.5,29.7,91.3,1.1,39.0,180.9,126.2,50.3,70.2,66.2,10.0,37.4,31.1,99.9, New Zealand,Auckland,"Auckland, New Zealand"
159,"Augsburg, Germany",60.6,26.4,44.4,57.3,48.6,92.3,156,10.0,3.3,3.6,30.7,28.4,71.5,1.5,29.5,186.3,128.0,61.7,74.8,63.6,9.4,30.4,33.3,82.1, Germany,Augsburg,"Augsburg, Germany"
51,"Austin, TX, United States",73.3,58.9,66.5,69.8,77.0,123.4,243,3.4,10.8,12.3,9.3,8.1,30.8,3.3,19.0,189.0,154.6,58.7,67.0,67.9,3.4,36.3,42.1,82.1, United States,Austin,"Austin, United States"
180,"Baghdad, Iraq",54.3,25.9,40.8,52.4,48.1,73.4,55,16.3,5.6,5.8,17.9,17.2,163.4,0.6,94.9,150.2,92.9,57.9,67.5,53.5,12.2,36.1,49.8,77.7, Iraq,Baghdad,"Baghdad, Iraq"
297,"Baku, Azerbaijan",33.5,10.8,22.7,30.6,32.7,31.0,92,13.7,6.1,6.2,16.3,16.2,152.5,0.7,160.0,114.8,38.0,69.5,47.7,32.7,13.7,36.3,74.4,91.4, Azerbaijan,Baku,"Baku, Azerbaijan"
293,"Bali, Indonesia",34.4,24.7,29.8,41.0,20.1,15.0,62,15.8,4.8,6.1,20.7,16.3,170.7,0.6,187.0,83.2,43.4,47.3,56.9,30.0,15.8,53.1,84.7,63.8, Indonesia,Bali,"Bali, Indonesia"
48,"Baltimore, MD, United States",77.1,51.2,64.8,77.7,72.9,119.7,260,2.3,18.7,16.5,5.4,6.1,20.6,4.9,61.4,171.1,133.3,48.1,67.0,75.2,4.8,37.3,42.8,79.3, United States,Baltimore,"Baltimore, United States"
326,"Bangalore, India",29.4,11.4,20.8,31.3,23.1,101.5,205,7.2,2.5,3.1,39.2,31.8,81.9,1.2,98.0,152.4,164.0,45.6,64.9,25.3,7.2,53.5,83.1,89.4, India,Bangalore,"Bangalore, India"
235,"Bangkok, Thailand",42.4,18.2,30.9,46.5,20.8,31.9,16,29.2,3.1,3.3,32.6,30.5,249.1,0.4,183.0,88.1,39.0,60.2,76.7,39.2,29.2,45.6,77.9,58.4, Thailand,Bangkok,"Bangkok, Thailand"
266,"Banja Luka, Bosnia And Herzegovina",37.1,6.9,22.8,34.7,26.7,42.5,75,14.7,2.8,2.9,36.1,34.7,112.0,0.9,135.0,132.8,67.6,55.9,61.5,35.3,13.0,26.6,64.6,78.2, Bosnia And Herzegovina,Banja Luka,"Banja Luka, Bosnia And Herzegovina"
180,"Barcelona, Spain",53.7,32.6,43.7,47.6,52.9,75.2,121,11.8,4.7,5.2,21.4,19.2,82.5,1.2,108.0,147.2,87.0,48.4,76.9,52.2,11.8,30.5,63.3,95.7, Spain,Barcelona,"Barcelona, Spain"
2,"Basel, Switzerland",120.2,46.6,85.3,135.7,106.7,133.5,111,12.4,2.2,1.8,46.1,56.6,81.2,1.2,10.0,197.0,153.6,73.4,70.8,99.8,13.4,35.0,24.0,82.0, Switzerland,Basel,"Basel, Switzerland"
286,"Batumi, Ajara, Georgia",34.9,13.5,24.8,36.1,31.8,31.1,147,10.3,9.3,9.8,10.8,10.2,136.3,0.7,155.0,115.9,34.4,74.4,55.1,37.2,13.3,40.6,71.7,84.2, Georgia,Batumi,"Batumi, Georgia"
267,"Beijing, China",37.1,26.4,32.0,37.8,23.9,82.2,12,31.1,1.6,1.7,61.0,60.5,233.3,0.4,153.0,116.6,103.3,73.6,68.8,34.8,31.1,43.6,77.9,57.6, China,Beijing,"Beijing, China"
202,"Beirut, Lebanon",48.0,19.8,34.6,34.3,36.1,14.7,6,37.4,4.9,5.3,20.5,18.9,453.2,0.2,193.0,67.6,19.2,53.5,64.6,44.7,37.4,39.6,93.9,94.7, Lebanon,Beirut,"Beirut, Lebanon"
142,"Belfast, United Kingdom",62.7,25.5,45.1,54.2,76.0,88.7,135,11.2,4.4,4.9,23.2,20.8,94.7,1.2,73.0,163.7,107.7,50.0,74.8,65.8,8.8,35.8,44.7,86.3, United Kingdom,Belfast,"Belfast, United Kingdom"
234,"Belgrade, Serbia",42.7,18.8,31.3,38.1,38.0,39.6,35,19.2,4.4,4.3,22.9,23.2,176.5,0.6,164.0,112.7,48.1,62.0,53.4,41.5,19.2,36.4,68.0,84.1, Serbia,Belgrade,"Belgrade, Serbia"
289,"Belo Horizonte, Brazil",34.6,9.3,22.6,31.2,24.9,24.4,37,20.2,4.5,4.6,22.2,22.0,248.6,0.4,165.0,111.1,27.7,37.1,64.8,32.4,17.6,43.6,52.0,98.5, Brazil,Belo Horizonte,"Belo Horizonte, Brazil"
19,"Bergen, Norway",84.5,28.0,57.7,83.1,81.9,82.2,197,7.9,4.4,4.9,22.6,20.5,60.0,1.7,27.0,185.0,113.5,66.5,78.4,74.8,9.9,27.3,21.0,60.0, Norway,Bergen,"Bergen, Norway"
114,"Berlin, Germany",65.7,36.1,51.7,59.2,55.3,100.2,141,11.0,3.6,3.5,28.0,28.2,79.7,1.3,69.0,168.9,116.2,55.4,67.5,64.0,11.0,33.7,38.7,83.3, Germany,Berlin,"Berlin, Germany"
5,"Bern, Switzerland",110.5,42.3,78.2,108.3,96.5,130.7,130,11.4,2.2,2.3,45.5,42.7,74.0,1.4,10.0,197.0,153.6,73.4,70.8,99.8,13.4,35.0,24.0,82.0, Switzerland,Bern,"Bern, Switzerland"
363,"Bhubaneswar, India",21.8,3.1,13.0,23.5,13.1,59.9,172,10.7,3.0,3.2,34.3,31.8,116.3,1.1,137.4,127.6,107.1,54.0,65.5,23.2,10.5,48.2,80.1,65.7, India,Bhubaneswar,"Bhubaneswar, India"
178,"Bilbao, Spain",54.2,24.1,39.9,51.9,51.6,82.6,167,9.2,6.0,7.1,17.5,14.8,62.6,1.8,45.0,179.3,94.7,64.9,79.0,50.3,8.4,26.1,40.2,91.7, Spain,Bilbao,"Bilbao, Spain"
153,"Birmingham, United Kingdom",61.6,30.8,47.0,51.9,60.8,97.5,135,11.2,4.4,4.9,23.2,20.8,94.7,1.2,86.0,159.9,115.9,36.2,72.1,58.5,7.2,33.4,49.4,87.7, United Kingdom,Birmingham,"Birmingham, United Kingdom"
340,"Bishkek, Kyrgyzstan",28.1,11.5,20.2,26.3,21.1,24.3,79,14.5,9.2,9.2,10.9,10.8,288.1,0.3,94.9,150.2,92.9,57.9,67.5,53.5,12.2,36.1,49.8,77.7, Kyrgyzstan,Bishkek,"Bishkek, Kyrgyzstan"
316,"Bogota, Colombia",31.7,10.2,21.5,30.9,22.5,26.3,29,22.3,4.9,5.1,20.4,19.8,328.2,0.3,182.0,89.0,30.1,33.4,65.1,30.7,22.3,52.0,70.3,97.1, Colombia,Bogota,"Bogota, Colombia"
101,"Boise, ID, United States",66.9,39.9,54.1,64.3,67.3,153.9,233,4.3,11.4,10.7,10.6,10.7,39.0,3.4,61.4,171.1,133.3,48.1,67.0,75.2,4.8,37.3,42.8,79.3, United States,Boise,"Boise, United States"
119,"Bologna, Italy",65.3,27.1,47.2,62.5,64.0,57.0,123,11.7,4.7,5.2,21.1,19.2,90.7,1.1,135.3,129.8,71.9,49.1,67.2,59.3,14.5,33.9,64.1,89.2, Italy,Bologna,"Bologna, Italy"
140,"Bolzano-Bozen, Italy",62.1,25.4,44.7,59.0,59.0,58.4,131,11.4,3.3,3.7,30.0,26.7,89.4,1.1,135.3,129.8,71.9,49.1,67.2,59.3,14.5,33.9,64.1,89.2, Italy,Bolzano-Bozen,"Bolzano-Bozen, Italy"
113,"Bonn, Germany",65.9,25.5,46.7,58.2,62.2,84.3,156,10.0,3.3,3.6,30.7,28.4,71.5,1.5,29.5,186.3,128.0,61.7,74.8,63.6,9.4,30.4,33.3,82.1, Germany,Bonn,"Bonn, Germany"
66,"Bordeaux, France",71.2,22.2,48.0,78.8,62.6,80.1,109,13.2,3.2,3.0,32.2,33.2,93.5,1.2,141.0,130.1,92.7,42.3,77.5,72.7,17.5,41.3,64.8,88.4, France,Bordeaux,"Bordeaux, France"
11,"Boston, MA, United States",89.2,72.7,81.4,94.5,85.7,113.6,233,4.3,11.4,10.7,10.6,10.7,39.0,3.4,56.0,175.2,123.0,59.5,72.9,84.8,6.3,44.3,29.8,71.7, United States,Boston,"Boston, United States"
229,"Braga, Portugal",44.2,20.5,33.0,39.8,37.1,47.7,103,14.2,6.2,7.5,17.0,13.7,100.0,1.2,64.0,168.8,60.4,69.3,76.8,47.0,14.2,29.1,29.6,97.6, Portugal,Braga,"Braga, Portugal"
274,"Brasilia, Brazil",36.2,11.4,24.4,33.1,29.0,37.1,46,17.2,4.3,4.2,23.2,23.8,227.1,0.4,132.0,134.7,41.6,40.6,51.8,33.9,17.2,30.6,30.2,99.0, Brazil,Brasilia,"Brasilia, Brazil"
249,"Brasov, Romania",40.1,11.9,26.7,38.4,37.8,47.1,119,11.9,4.8,4.5,21.0,22.4,115.4,0.9,107.7,147.5,70.0,74.7,63.9,39.1,10.6,31.6,58.3,77.3, Romania,Brasov,"Brasov, Romania"
188,"Bratislava, Slovakia",52.0,18.8,36.3,49.3,41.2,60.9,63,15.7,3.0,3.2,33.1,31.6,118.9,0.8,100.0,152.1,73.6,69.7,55.3,49.8,15.7,30.9,37.6,80.7, Slovakia,Bratislava,"Bratislava, Slovakia"
134,"Bremen, Germany",64.1,23.1,44.7,59.1,52.4,104.0,156,10.0,3.3,3.6,30.7,28.4,71.5,1.5,29.5,186.3,128.0,61.7,74.8,63.6,9.4,30.4,33.3,82.1, Germany,Bremen,"Bremen, Germany"
88,"Brighton, United Kingdom",68.8,44.5,57.3,60.6,68.0,78.1,135,11.2,4.4,4.9,23.2,20.8,94.7,1.2,73.0,163.7,107.7,50.0,74.8,65.8,8.8,35.8,44.7,86.3, United Kingdom,Brighton,"Brighton, United Kingdom"
68,"Brisbane, Australia",70.9,38.6,55.6,71.2,67.1,96.3,181,8.5,4.2,4.7,23.8,21.1,74.2,1.3,16.0,192.3,130.6,63.4,74.6,66.5,8.5,40.5,28.3,98.1, Australia,Brisbane,"Brisbane, Australia"
131,"Bristol, United Kingdom",64.4,40.6,53.1,57.5,64.6,88.5,135,11.2,4.4,4.9,23.2,20.8,94.7,1.2,73.0,163.7,107.7,50.0,74.8,65.8,8.8,35.8,44.7,86.3, United Kingdom,Bristol,"Bristol, United Kingdom"
223,"Brno, Czech Republic",44.8,18.7,32.4,42.5,30.5,76.5,99,13.2,3.1,3.3,32.2,30.1,112.4,0.9,59.0,173.7,92.1,74.5,76.3,43.1,13.2,26.0,39.6,78.2, Czech Republic,Brno,"Brno, Czech Republic"
96,"Brussels, Belgium",67.3,29.8,49.5,62.2,69.8,93.5,208,6.9,5.8,5.5,17.2,18.1,47.4,2.1,106.0,148.2,103.5,44.7,73.6,65.7,6.9,36.8,61.6,83.8, Belgium,Brussels,"Brussels, Belgium"
244,"Bucharest, Romania",41.3,13.2,28.0,37.7,40.8,58.0,160,9.5,4.5,5.1,22.3,19.8,91.0,1.1,144.0,127.1,70.6,72.0,54.7,40.7,9.5,40.9,75.2,75.6, Romania,Bucharest,"Bucharest, Romania"
209,"Budapest, Hungary",46.8,15.9,32.2,42.2,42.3,54.2,88,13.8,3.5,3.9,28.4,25.5,149.0,0.7,134.0,133.1,65.8,65.8,52.1,44.4,13.8,39.0,53.1,78.4, Hungary,Budapest,"Budapest, Hungary"
228,"Budva, Montenegro",44.5,23.3,34.4,36.8,41.0,35.8,139,11.1,5.8,5.7,17.3,17.5,96.3,1.0,94.9,150.2,92.9,57.9,67.5,53.5,12.2,36.1,49.8,77.7, Montenegro,Budva,"Budva, Montenegro"
344,"Buenos Aires, Argentina",27.5,10.9,19.6,25.8,24.6,29.1,23,25.0,4.6,4.3,21.6,23.2,1279.9,0.1,172.0,103.8,32.3,36.6,68.4,30.7,25.0,49.8,51.8,98.3, Argentina,Buenos Aires,"Buenos Aires, Argentina"
261,"Burgas, Bulgaria",38.3,9.3,24.6,36.6,35.0,49.4,183,8.4,5.3,5.5,19.0,18.3,70.5,1.4,121.0,139.4,70.4,62.1,61.0,39.0,9.4,30.0,64.2,80.6, Bulgaria,Burgas,"Burgas, Bulgaria"
306,"Bursa, Turkey",32.6,12.0,22.8,29.5,23.2,41.0,171,9.0,6.6,5.6,15.0,17.8,309.6,0.3,81.0,161.6,60.3,70.4,77.8,30.3,9.0,33.0,47.1,93.4, Turkey,Bursa,"Bursa, Turkey"
324,"Cairo, Egypt",29.6,5.5,18.2,27.8,23.3,15.3,39,18.0,6.9,7.3,14.6,13.7,246.4,0.4,190.0,74.1,18.0,49.3,45.9,20.4,18.0,49.9,90.8,88.5, Egypt,Cairo,"Cairo, Egypt"
59,"Calgary, Canada",72.3,33.2,53.8,71.3,64.0,99.7,237,4.1,10.3,8.2,9.8,12.2,36.3,2.8,45.0,178.3,118.6,61.8,74.5,68.8,4.1,28.8,23.3,33.1, Canada,Calgary,"Calgary, Canada"
314,"Cali, Colombia",31.8,6.8,19.9,31.6,22.8,33.7,31,21.0,5.4,5.4,18.8,18.8,316.2,0.3,169.0,102.4,30.8,39.8,71.9,31.6,21.0,45.4,66.8,98.4, Colombia,Cali,"Cali, Colombia"
84,"Cambridge, United Kingdom",69.2,44.3,57.4,64.0,69.7,103.9,163,9.4,4.4,4.7,22.5,21.4,80.0,1.3,73.0,163.7,107.7,50.0,74.8,65.8,8.8,35.8,44.7,86.3, United Kingdom,Cambridge,"Cambridge, United Kingdom"
14,"Canberra, Australia",87.5,42.4,66.1,80.8,105.7,66.2,166,9.3,5.0,4.8,20.0,20.8,82.1,1.2,34.0,183.5,99.7,73.8,72.6,79.2,9.3,35.0,22.8,82.7, Australia,Canberra,"Canberra, Australia"
290,"Cape Town, South Africa",34.6,16.7,26.1,29.6,29.7,86.9,224,5.5,8.2,7.6,12.3,13.1,71.8,1.4,91.0,157.0,99.2,26.0,68.8,34.1,5.5,42.5,38.7,98.2, South Africa,Cape Town,"Cape Town, South Africa"
237,"Caracas, Venezuela",42.1,9.6,26.7,40.7,40.5,11.1,18,27.7,11.0,6.7,9.1,14.9,651.8,0.2,195.0,64.4,11.7,18.1,38.1,41.5,27.7,33.7,73.9,99.9, Venezuela,Caracas,"Caracas, Venezuela"
160,"Cardiff, United Kingdom",60.5,29.5,45.8,54.3,58.3,85.6,135,11.2,4.4,4.9,23.2,20.8,94.7,1.2,73.0,163.7,107.7,50.0,74.8,65.8,8.8,35.8,44.7,86.3, United Kingdom,Cardiff,"Cardiff, United Kingdom"
303,"Casablanca, Morocco",32.7,11.1,22.4,31.2,23.0,31.9,64,15.6,5.8,6.1,17.2,16.4,123.4,0.8,94.9,150.2,92.9,57.9,67.5,53.5,12.2,36.1,49.8,77.7, Morocco,Casablanca,"Casablanca, Morocco"
263,"Cebu, Philippines",37.5,9.3,24.1,41.8,19.4,21.3,9,33.4,3.5,2.2,28.5,45.6,324.0,0.3,197.0,53.7,33.6,35.3,62.5,36.0,33.4,51.7,89.8,61.2, Philippines,Cebu,"Cebu, Philippines"
360,"Chandigarh, India",22.2,4.4,13.7,22.3,16.8,76.2,172,10.7,3.0,3.2,34.3,31.8,116.3,1.1,137.4,127.6,107.1,54.0,65.5,23.2,10.5,48.2,80.1,65.7, India,Chandigarh,"Chandigarh, India"
34,"Charlotte, NC, United States",77.7,59.5,69.1,82.4,69.0,112.0,233,4.3,11.4,10.7,10.6,10.7,39.0,3.4,44.0,178.7,124.1,52.9,69.2,74.3,3.8,36.6,35.3,84.0, United States,Charlotte,"Charlotte, United States"
324,"Chelyabinsk, Russia",29.9,9.8,20.4,26.0,26.7,42.3,134,11.3,3.8,4.7,26.3,21.3,147.2,0.7,155.2,113.9,56.4,61.1,62.7,30.1,15.9,40.9,57.3,39.9, Russia,Chelyabinsk,"Chelyabinsk, Russia"
315,"Chengdu, China",31.8,7.7,20.3,35.7,19.9,68.5,43,17.7,1.7,1.8,57.6,55.4,135.8,0.7,164.0,108.9,90.2,72.5,66.6,36.4,37.3,45.7,74.7,70.6, China,Chengdu,"Chengdu, China"
358,"Chennai, India",22.7,5.8,14.7,26.1,12.6,82.6,178,8.6,2.7,3.6,37.7,28.1,95.8,1.0,138.0,132.4,101.9,60.1,69.4,21.3,8.6,46.7,74.7,53.2, India,Chennai,"Chennai, India"
300,"Chiang Mai, Thailand",33.0,9.1,21.7,39.8,14.9,37.2,19,27.3,3.9,4.6,26.9,23.7,219.8,0.4,183.0,88.1,39.0,60.2,76.7,39.2,29.2,45.6,77.9,58.4, Thailand,Chiang Mai,"Chiang Mai, Thailand"
28,"Chicago, IL, United States",80.0,58.8,69.9,87.0,74.1,119.9,249,3.1,15.3,12.4,6.5,8.0,28.2,3.5,105.0,149.5,125.2,34.0,65.2,80.0,3.1,41.8,50.5,66.1, United States,Chicago,"Chicago, United States"
273,"Chisinau, Moldova",36.3,10.5,24.0,31.9,27.5,36.6,145,10.5,6.3,7.0,15.8,14.3,153.5,0.7,94.9,150.2,92.9,57.9,67.5,53.5,12.2,36.1,49.8,77.7, Moldova,Chisinau,"Chisinau, Moldova"
124,"Christchurch, New Zealand",64.9,30.1,48.4,72.4,56.5,103.6,121,12.0,3.8,3.8,26.3,26.8,110.1,1.0,54.5,174.9,104.2,58.8,67.5,67.4,12.0,38.3,27.4,98.8, New Zealand,Christchurch,"Christchurch, New Zealand"
139,"Cincinnati, OH, United States",63.0,34.3,49.4,69.1,52.1,124.0,233,4.3,11.4,10.7,10.6,10.7,39.0,3.4,61.4,171.1,133.3,48.1,67.0,75.2,4.8,37.3,42.8,79.3, United States,Cincinnati,"Cincinnati, United States"
243,"Cluj-Napoca, Romania",41.6,14.7,28.8,39.3,39.2,56.9,110,12.5,3.9,3.8,25.6,26.4,114.7,0.9,89.0,158.4,71.6,77.8,65.7,38.8,12.5,29.7,43.5,74.3, Romania,Cluj-Napoca,"Cluj-Napoca, Romania"
367,"Coimbatore, India",20.4,4.0,12.6,23.8,11.0,42.5,172,10.7,3.0,3.2,34.3,31.8,116.3,1.1,137.4,127.6,107.1,54.0,65.5,23.2,10.5,48.2,80.1,65.7, India,Coimbatore,"Coimbatore, India"
216,"Coimbra, Portugal",45.7,19.3,33.2,42.4,36.2,52.1,103,14.2,6.2,7.5,17.0,13.7,100.0,1.2,64.0,168.8,60.4,69.3,76.8,47.0,14.2,29.1,29.6,97.6, Portugal,Coimbra,"Coimbra, Portugal"
157,"Cologne, Germany",61.2,26.5,44.7,59.7,50.7,106.5,156,10.0,3.3,3.6,30.7,28.4,71.5,1.5,24.0,187.0,126.9,58.4,74.9,59.1,6.1,32.8,34.1,84.8, Germany,Cologne,"Cologne, Germany"
283,"Colombo, Sri Lanka",35.2,7.8,22.2,48.3,19.4,15.2,4,39.1,4.2,2.1,23.7,47.3,788.5,0.1,191.0,71.2,17.4,58.0,71.2,36.5,39.1,59.8,60.4,59.1, Sri Lanka,Colombo,"Colombo, Sri Lanka"
48,"Colorado Springs, CO, United States",77.1,51.2,64.8,77.7,72.9,119.7,255,2.8,13.2,11.9,7.6,8.4,25.0,4.0,61.4,171.1,133.3,48.1,67.0,75.2,4.8,37.3,42.8,79.3, United States,Colorado Springs,"Colorado Springs, United States"
67,"Columbus, OH, United States",71.0,41.2,56.9,73.2,60.9,106.2,233,4.3,11.4,10.7,10.6,10.7,39.0,3.4,41.0,179.4,121.5,50.7,71.0,68.4,4.1,30.6,30.6,71.3, United States,Columbus,"Columbus, United States"
30,"Copenhagen, Denmark",79.0,43.2,62.0,67.5,89.2,95.1,182,8.4,4.7,4.9,21.3,20.5,61.6,1.6,8.0,198.9,116.9,74.4,77.0,74.7,8.4,27.7,21.1,83.7, Denmark,Copenhagen,"Copenhagen, Denmark"
90,"Cork, Ireland",68.7,43.0,56.5,62.1,66.0,91.2,216,6.1,7.9,7.8,12.6,12.9,45.5,2.2,42.0,179.3,105.6,64.1,56.4,67.3,6.1,33.9,26.4,89.8, Ireland,Cork,"Cork, Ireland"
103,"Coventry, United Kingdom",66.6,34.9,51.6,58.1,65.6,108.6,135,11.2,4.4,4.9,23.2,20.8,94.7,1.2,73.0,163.7,107.7,50.0,74.8,65.8,8.8,35.8,44.7,86.3, United Kingdom,Coventry,"Coventry, United Kingdom"
291,"Curitiba, Brazil",34.4,8.7,22.2,31.8,26.1,34.6,37,18.7,3.9,3.8,25.7,26.3,216.8,0.5,131.0,134.7,37.6,37.8,66.4,31.7,18.7,32.7,31.2,99.6, Brazil,Curitiba,"Curitiba, Brazil"
55,"Dallas, TX, United States",72.6,50.7,62.2,69.5,69.4,138.3,233,4.3,11.4,10.7,10.6,10.7,39.0,3.4,32.0,184.1,154.9,48.2,66.1,72.2,2.7,35.2,42.3,81.9, United States,Dallas,"Dallas, United States"
251,"Debrecen, Hungary",40.0,10.1,25.8,36.9,32.0,52.6,88,13.8,3.5,3.9,28.4,25.5,149.0,0.7,134.0,133.1,65.8,65.8,52.1,44.4,13.8,39.0,53.1,78.4, Hungary,Debrecen,"Debrecen, Hungary"
155,"Delft, Netherlands",61.5,32.9,48.0,58.2,56.1,94.0,198,7.1,5.7,6.0,17.9,16.8,52.3,2.1,4.5,212.4,131.4,75.2,79.6,61.5,6.8,23.3,21.5,87.8, Netherlands,Delft,"Delft, Netherlands"
354,"Delhi, India",24.4,7.3,16.3,23.8,19.9,93.9,176,8.8,2.8,2.8,36.0,36.1,94.5,1.1,161.0,114.1,118.8,41.0,66.7,23.4,8.8,57.9,90.3,58.9, India,Delhi,"Delhi, India"
31,"Denver, CO, United States",78.8,55.4,67.7,78.8,71.8,117.8,232,4.5,10.0,9.4,10.0,10.6,40.9,2.4,80.0,162.5,122.6,52.9,69.7,76.4,4.5,36.0,44.3,56.3, United States,Denver,"Denver, United States"
48,"Detroit, MI, United States",77.1,51.2,64.8,77.7,72.9,119.7,266,1.2,32.9,21.8,3.0,4.6,11.0,9.1,61.4,171.1,133.3,48.1,67.0,75.2,4.8,37.3,42.8,79.3, United States,Detroit,"Detroit, United States"
341,"Dhaka, Bangladesh",27.9,3.8,16.5,30.8,15.5,27.8,82,14.3,3.0,3.2,32.9,31.7,166.7,0.6,196.0,61.1,32.1,37.4,40.2,24.8,14.3,61.4,94.2,71.3, Bangladesh,Dhaka,"Dhaka, Bangladesh"
338,"Dnipro, Ukraine",28.4,8.8,19.1,25.8,23.9,33.1,113,12.3,7.6,6.2,13.2,16.1,217.1,0.5,177.0,97.3,37.8,45.8,53.7,26.2,12.3,33.5,80.5,69.5, Ukraine,Dnipro,"Dnipro, Ukraine"
173,"Doha, Qatar",55.6,42.1,49.2,44.2,51.2,109.6,222,5.5,8.3,6.9,12.1,14.4,43.9,2.3,65.0,172.0,134.2,84.6,73.3,51.1,5.5,29.3,60.0,36.0, Qatar,Doha,"Doha, Qatar"
180,"Douala, Cameroon",54.3,25.9,40.8,52.4,48.1,73.4,2,48.3,10.3,13.0,9.7,7.7,948.9,0.1,94.9,150.2,92.9,57.9,67.5,53.5,12.2,36.1,49.8,77.7, Cameroon,Douala,"Douala, Cameroon"
152,"Dresden, Germany",61.7,20.0,41.9,54.8,53.0,103.8,156,10.0,3.3,3.6,30.7,28.4,71.5,1.5,29.5,186.3,128.0,61.7,74.8,63.6,9.4,30.4,33.3,82.1, Germany,Dresden,"Dresden, Germany"
138,"Dubai, United Arab Emirates",63.0,55.9,59.6,48.1,60.1,99.0,231,4.8,9.6,10.6,10.4,9.5,37.8,2.6,54.0,175.6,126.1,84.0,69.6,59.8,4.8,36.3,48.8,50.3, United Arab Emirates,Dubai,"Dubai, United Arab Emirates"
49,"Dublin, Ireland",73.4,56.9,65.6,63.3,76.7,79.9,161,9.5,6.0,7.2,16.7,14.0,72.4,1.4,110.0,147.0,96.4,46.8,51.2,69.7,9.5,40.7,40.9,85.9, Ireland,Dublin,"Dublin, Ireland"
301,"Durban, South Africa",32.8,9.7,21.8,25.4,25.1,64.0,235,4.2,10.9,6.9,9.2,14.5,55.3,1.8,116.0,142.7,82.4,19.4,59.0,31.5,4.2,25.5,53.1,95.6, South Africa,Durban,"Durban, South Africa"
93,"Dusseldorf, Germany",67.8,28.7,49.3,62.7,63.0,97.6,157,9.9,3.1,3.4,32.2,29.8,71.5,1.4,29.5,186.3,128.0,61.7,74.8,63.6,9.4,30.4,33.3,82.1, Germany,Dusseldorf,"Dusseldorf, Germany"
78,"Edinburgh, United Kingdom",69.7,38.8,55.1,64.0,70.6,85.3,184,8.2,5.3,5.5,18.7,18.1,71.6,1.4,23.0,187.0,106.5,68.7,77.6,66.4,8.2,30.7,28.2,84.0, United Kingdom,Edinburgh,"Edinburgh, United Kingdom"
127,"Edmonton, Canada",64.6,24.5,45.6,66.8,53.1,106.1,245,3.3,8.5,9.2,11.8,10.9,29.1,3.4,50.0,176.5,127.0,53.6,77.2,61.0,3.3,28.1,28.8,32.1, Canada,Edmonton,"Edmonton, Canada"
132,"Eindhoven, Netherlands",64.4,34.7,50.3,57.4,61.8,114.5,217,6.0,5.8,6.3,17.4,16.0,45.4,2.2,3.0,214.3,133.3,77.8,78.3,61.2,6.0,24.9,19.6,85.4, Netherlands,Eindhoven,"Eindhoven, Netherlands"
107,"Erlangen, Germany",66.3,29.8,49.0,58.4,54.8,118.7,156,10.0,3.3,3.6,30.7,28.4,71.5,1.5,29.5,186.3,128.0,61.7,74.8,63.6,9.4,30.4,33.3,82.1, Germany,Erlangen,"Erlangen, Germany"
44,"Espoo, Finland",75.7,28.1,53.1,71.9,81.3,88.6,116,12.2,2.9,3.4,34.8,29.4,86.9,1.2,9.0,197.4,110.7,75.6,80.1,66.1,10.1,25.1,12.6,62.8, Finland,Espoo,"Espoo, Finland"
92,"Essen, Germany",67.8,19.6,45.0,59.5,54.7,108.3,156,10.0,3.3,3.6,30.7,28.4,71.5,1.5,29.5,186.3,128.0,61.7,74.8,63.6,9.4,30.4,33.3,82.1, Germany,Essen,"Essen, Germany"
118,"Florence, Italy",65.4,29.6,48.4,63.3,62.3,53.7,78,14.5,4.3,4.1,23.2,24.2,111.6,0.9,135.3,129.8,71.9,49.1,67.2,59.3,14.5,33.9,64.1,89.2, Italy,Florence,"Florence, Italy"
259,"Florianopolis, Brazil",38.4,13.0,26.4,33.8,28.0,34.6,50,16.9,4.8,4.5,21.0,22.2,218.7,0.5,160.0,107.8,33.2,32.8,58.8,34.2,19.2,40.1,52.6,97.2, Brazil,Florianopolis,"Florianopolis, Brazil"
41,"Fort Lauderdale, FL, United States",76.1,56.4,66.8,76.1,75.8,120.6,233,4.3,11.4,10.7,10.6,10.7,39.0,3.4,61.4,171.1,133.3,48.1,67.0,75.2,4.8,37.3,42.8,79.3, United States,Fort Lauderdale,"Fort Lauderdale, United States"
62,"Fort Worth, TX, United States",71.7,35.1,54.4,73.8,58.5,131.0,233,4.3,11.4,10.7,10.6,10.7,39.0,3.4,61.4,171.1,133.3,48.1,67.0,75.2,4.8,37.3,42.8,79.3, United States,Fort Worth,"Fort Worth, United States"
275,"Fortaleza, Brazil",36.2,7.2,22.4,32.5,26.9,16.7,37,20.2,4.5,4.6,22.2,22.0,248.6,0.4,160.0,107.8,33.2,32.8,58.8,34.2,19.2,40.1,52.6,97.2, Brazil,Fortaleza,"Fortaleza, Brazil"
135,"Frankfurt, Germany",63.9,31.8,48.7,56.9,60.5,123.7,192,8.0,3.5,4.2,28.3,23.9,56.7,1.8,11.0,196.2,142.6,54.4,77.0,62.3,8.0,22.6,32.4,84.7, Germany,Frankfurt,"Frankfurt, Germany"
106,"Freiburg im Breisgau, Germany",66.3,27.3,47.8,63.7,53.9,95.6,156,10.0,3.3,3.6,30.7,28.4,71.5,1.5,29.5,186.3,128.0,61.7,74.8,63.6,9.4,30.4,33.3,82.1, Germany,Freiburg im Breisgau,"Freiburg im Breisgau, Germany"
145,"Galway, Ireland",62.4,42.9,53.1,58.2,59.6,86.3,188,7.8,7.0,7.5,14.6,13.4,59.0,1.8,76.0,163.2,101.0,55.4,53.8,68.5,7.8,37.3,33.6,87.8, Ireland,Galway,"Galway, Ireland"
233,"Gdansk, Poland",42.8,19.5,31.8,36.4,38.9,77.6,122,11.8,3.5,4.1,28.9,24.7,108.7,0.9,102.0,151.4,95.5,67.2,51.0,41.1,11.8,30.1,52.6,75.5, Poland,Gdansk,"Gdansk, Poland"
239,"Gdynia, Poland",42.1,20.2,31.7,34.1,36.5,63.8,139,10.8,4.2,4.7,23.9,21.6,101.0,1.0,109.4,146.9,88.9,72.2,56.3,42.4,11.3,32.6,61.0,76.0, Poland,Gdynia,"Gdynia, Poland"
6,"Geneva, Switzerland",109.8,66.8,89.4,114.0,107.3,112.2,108,12.7,2.7,2.9,37.5,34.2,80.5,1.2,14.0,192.7,141.4,69.5,71.6,99.4,12.7,31.0,25.0,82.6, Switzerland,Geneva,"Geneva, Switzerland"
146,"Genoa, Italy",62.3,20.4,42.4,61.3,55.7,65.1,112,12.9,4.0,4.6,25.3,21.8,98.7,1.1,135.3,129.8,71.9,49.1,67.2,59.3,14.5,33.9,64.1,89.2, Italy,Genoa,"Genoa, Italy"
115,"Gent, Belgium",65.7,22.3,45.1,58.0,72.0,91.0,204,7.3,5.2,5.0,19.2,19.8,49.8,2.0,106.0,148.2,103.5,44.7,73.6,65.7,6.9,36.8,61.6,83.8, Belgium,Gent,"Gent, Belgium"
109,"Glasgow, United Kingdom",66.2,31.7,49.8,58.3,64.5,94.5,135,11.2,4.4,4.9,23.2,20.8,94.7,1.2,26.0,185.2,119.4,54.9,78.9,63.0,5.1,31.3,34.2,84.8, United Kingdom,Glasgow,"Glasgow, United Kingdom"
147,"Gothenburg, Sweden",62.0,23.6,43.8,61.3,54.2,99.4,191,8.1,3.7,4.2,27.3,23.7,61.7,1.6,21.0,188.9,122.7,53.5,67.3,58.1,8.1,25.3,19.7,77.5, Sweden,Gothenburg,"Gothenburg, Sweden"
121,"Graz, Austria",65.2,21.7,44.6,61.9,56.1,89.3,149,10.2,2.6,3.2,38.3,30.8,71.7,1.4,7.0,199.0,112.9,69.8,79.7,64.2,11.6,22.8,16.2,81.8, Austria,Graz,"Graz, Austria"
141,"Groningen, Netherlands",62.8,24.8,44.8,57.4,63.1,100.0,230,4.8,7.2,6.2,13.9,16.0,34.2,2.9,4.5,212.4,131.4,75.2,79.6,61.5,6.8,23.3,21.5,87.8, Netherlands,Groningen,"Groningen, Netherlands"
222,"Guadalajara, Mexico",45.0,16.7,31.6,47.4,39.0,41.0,51,16.8,7.5,6.3,13.3,15.8,208.9,0.5,150.0,119.1,43.5,37.5,79.8,44.7,15.2,41.8,59.1,92.8, Mexico,Guadalajara,"Guadalajara, Mexico"
285,"Guangzhou, China",35.1,13.3,24.8,40.2,22.4,70.0,11,31.9,1.1,1.6,91.1,62.0,243.2,0.4,164.0,108.9,90.2,72.5,66.6,36.4,37.3,45.7,74.7,70.6, China,Guangzhou,"Guangzhou, China"
180,"Guatemala City, Guatemala",54.3,25.9,40.8,52.4,48.1,73.4,95,13.4,8.4,8.8,12.0,11.3,135.9,0.7,94.9,150.2,92.9,57.9,67.5,53.5,12.2,36.1,49.8,77.7, Guatemala,Guatemala City,"Guatemala City, Guatemala"
348,"Gurgaon, India",26.6,8.6,18.1,27.8,22.6,98.3,196,7.9,3.2,3.1,31.1,32.0,83.8,1.2,139.0,130.5,124.7,46.4,65.1,25.0,7.9,35.4,90.8,59.9, India,Gurgaon,"Gurgaon, India"
130,"Haarlem, Netherlands",64.0,33.8,49.7,57.4,61.6,105.8,137,11.2,5.0,4.9,20.1,20.4,84.6,1.2,4.5,212.4,131.4,75.2,79.6,61.5,6.8,23.3,21.5,87.8, Netherlands,Haarlem,"Haarlem, Netherlands"
111,"Haifa, Israel",66.0,20.0,44.2,58.8,68.7,91.8,164,9.4,3.1,3.3,32.2,30.5,70.5,1.4,92.0,156.7,96.1,73.7,73.8,68.0,24.1,35.7,45.9,93.9, Israel,Haifa,"Haifa, Israel"
81,"Halifax, Canada",69.6,37.0,54.2,72.5,61.6,72.4,163,9.1,6.0,6.1,19.7,17.8,81.4,1.7,78.0,164.0,90.3,58.8,66.7,65.8,9.5,31.4,24.1,59.0, Canada,Halifax,"Halifax, Canada"
76,"Hamburg, Germany",69.8,27.8,49.9,61.4,64.9,98.9,140,11.0,2.9,3.2,34.8,31.7,80.0,1.3,48.0,178.0,112.4,57.5,75.3,67.9,11.0,33.0,28.7,82.8, Germany,Hamburg,"Hamburg, Germany"
1,"Hamilton, Bermuda",137.4,94.7,117.2,147.7,131.3,82.3,137,12.1,5.6,5.7,23.3,22.2,130.3,1.4,94.9,150.2,92.9,57.9,67.5,53.5,12.2,36.1,49.8,77.7, Bermuda,Hamilton,"Hamilton, Bermuda"
281,"Hangzhou, China",35.5,12.9,24.8,42.7,22.0,64.9,17,27.7,1.6,1.8,61.9,55.2,205.5,0.5,164.0,108.9,90.2,72.5,66.6,36.4,37.3,45.7,74.7,70.6, China,Hangzhou,"Hangzhou, China"
317,"Hanoi, Vietnam",31.7,11.1,21.9,35.0,15.2,35.8,31,20.1,3.5,4.1,28.8,24.5,253.7,0.4,174.0,101.2,40.9,64.4,57.7,29.2,20.1,28.2,89.4,79.0, Vietnam,Hanoi,"Hanoi, Vietnam"
126,"Hanover, Germany",64.7,21.0,44.0,57.5,59.6,95.6,156,10.0,3.3,3.6,30.7,28.4,71.5,1.5,29.5,186.3,128.0,61.7,74.8,63.6,9.4,30.4,33.3,82.1, Germany,Hanover,"Hanover, Germany"
265,"Harare, Zimbabwe",37.4,12.0,25.3,33.3,26.2,23.1,137,12.1,5.6,5.7,23.3,22.2,130.3,1.4,94.9,150.2,92.9,57.9,67.5,53.5,12.2,36.1,49.8,77.7, Zimbabwe,Harare,"Harare, Zimbabwe"
128,"Heidelberg, Germany",64.6,31.6,49.0,60.7,58.3,110.9,156,10.0,3.3,3.6,30.7,28.4,71.5,1.5,29.5,186.3,128.0,61.7,74.8,63.6,9.4,30.4,33.3,82.1, Germany,Heidelberg,"Heidelberg, Germany"
82,"Helsinki, Finland",69.4,26.7,49.1,65.2,71.8,94.0,153,10.1,3.0,3.9,33.5,25.7,70.9,1.4,9.0,197.4,110.7,75.6,80.1,66.1,10.1,25.1,12.6,62.8, Finland,Helsinki,"Helsinki, Finland"
182,"Heraklion, Greece",53.2,12.2,33.7,51.0,46.0,42.4,78,14.5,4.0,4.1,24.7,24.2,109.9,0.9,153.5,117.4,48.4,45.2,56.2,52.8,14.5,34.2,61.1,91.8, Greece,Heraklion,"Heraklion, Greece"
310,"Ho Chi Minh City, Vietnam",32.1,13.6,23.3,35.7,16.7,29.6,7,36.6,2.7,3.4,37.1,29.1,416.4,0.2,194.0,66.7,36.0,47.9,61.1,29.9,36.6,31.9,92.5,63.4, Vietnam,Ho Chi Minh City,"Ho Chi Minh City, Vietnam"
64,"Hong Kong, Hong Kong (China)",71.5,61.4,66.7,79.6,47.0,84.1,15,29.2,1.9,2.0,53.9,50.6,211.0,0.5,130.0,134.8,107.8,78.4,66.0,69.4,29.2,41.9,67.0,83.6, Hong Kong ,Hong Kong,"Hong Kong, Hong Kong "
9,"Honolulu, HI, United States",92.4,57.4,75.8,103.8,76.0,81.3,151,10.2,5.8,4.8,17.3,21.0,92.6,1.1,83.0,161.0,94.7,52.1,72.9,87.0,10.2,41.6,36.2,95.3, United States,Honolulu,"Honolulu, United States"
91,"Houston, TX, United States",68.3,42.0,55.8,66.4,66.2,139.4,258,2.4,12.3,13.3,8.1,7.5,21.9,4.6,67.0,170.6,160.1,36.4,68.8,65.0,2.4,41.6,56.8,85.5, United States,Houston,"Houston, United States"
355,"Hyderabad, India",24.2,6.3,15.7,26.2,17.1,87.7,226,5.4,4.7,3.9,21.1,25.4,59.7,1.7,112.0,144.3,112.2,56.7,65.3,22.9,5.4,42.4,76.1,73.5, India,Hyderabad,"Hyderabad, India"
256,"Iasi, Romania",38.8,9.5,24.9,34.8,35.8,48.2,146,10.4,4.3,4.3,23.4,23.0,99.8,1.0,107.7,147.5,70.0,74.7,63.9,39.1,10.6,31.6,58.3,77.3, Romania,Iasi,"Iasi, Romania"
65,"Indianapolis, IN, United States",71.3,35.6,54.4,68.3,73.6,135.3,265,1.5,19.4,16.6,5.2,6.0,13.7,7.3,29.0,184.8,162.8,39.8,71.0,68.5,1.5,29.5,43.2,69.9, United States,Indianapolis,"Indianapolis, United States"
48,"Irvine, CA, United States",77.1,51.2,64.8,77.7,72.9,119.7,214,6.3,6.9,6.3,14.5,15.8,57.5,1.7,61.4,171.1,133.3,48.1,67.0,75.2,4.8,37.3,42.8,79.3, United States,Irvine,"Irvine, United States"
353,"Isfahan (Esfahan), Iran",24.9,12.0,18.8,19.2,14.8,20.8,5,39.1,4.4,5.0,22.5,20.1,933.2,0.1,198.0,53.3,20.6,43.2,53.2,28.4,39.1,51.8,80.4,71.0, Iran,Isfahan ,"Isfahan , Iran"
368,"Islamabad, Pakistan",20.3,4.7,12.9,18.1,14.1,24.7,74,14.8,5.3,5.6,19.0,18.0,300.8,0.3,128.0,135.2,29.0,68.9,64.9,19.9,14.8,36.5,41.1,76.9, Pakistan,Islamabad,"Islamabad, Pakistan"
270,"Istanbul, Turkey",36.9,17.7,27.8,32.5,33.4,39.6,61,15.8,5.3,6.4,18.9,15.6,683.3,0.1,162.0,113.3,47.2,52.2,69.9,37.5,15.8,51.4,68.2,93.0, Turkey,Istanbul,"Istanbul, Turkey"
287,"Izmir, Turkey",34.6,12.5,24.1,30.8,25.6,36.0,143,10.7,5.6,7.4,17.7,13.5,316.6,0.3,118.0,141.7,51.5,67.5,73.1,33.8,10.7,39.9,60.3,96.9, Turkey,Izmir,"Izmir, Turkey"
86,"Jacksonville, FL, United States",68.9,40.6,55.5,76.2,66.1,125.9,233,4.3,11.4,10.7,10.6,10.7,39.0,3.4,61.4,171.1,133.3,48.1,67.0,75.2,4.8,37.3,42.8,79.3, United States,Jacksonville,"Jacksonville, United States"
359,"Jaipur, India",22.5,4.0,13.8,23.2,14.2,52.6,172,10.7,3.0,3.2,34.3,31.8,116.3,1.1,137.4,127.6,107.1,54.0,65.5,23.2,10.5,48.2,80.1,65.7, India,Jaipur,"Jaipur, India"
312,"Jakarta, Indonesia",32.0,12.8,22.9,36.4,16.9,35.5,62,15.8,4.8,6.1,20.7,16.3,170.7,0.6,187.0,83.2,43.4,47.3,56.9,30.0,15.8,53.1,84.7,63.8, Indonesia,Jakarta,"Jakarta, Indonesia"
204,"Jeddah (Jiddah), Saudi Arabia",47.6,12.9,31.1,40.7,35.8,95.6,241,3.5,6.1,6.9,16.4,14.5,26.9,3.7,76.0,164.6,123.5,73.6,60.4,45.4,3.5,30.5,66.7,66.2, Saudi Arabia,Jeddah ,"Jeddah , Saudi Arabia"
110,"Jerusalem, Israel",66.1,38.5,53.0,59.3,70.2,72.3,95,16.8,2.6,2.8,39.8,38.0,125.6,1.0,92.0,156.7,96.1,73.7,73.8,68.0,24.1,35.7,45.9,93.9, Israel,Jerusalem,"Jerusalem, Israel"
276,"Johannesburg, South Africa",36.1,10.8,24.1,28.9,29.4,88.3,254,2.8,9.8,10.5,10.2,9.5,34.9,2.9,124.0,137.7,104.0,19.2,60.4,36.4,2.8,41.0,61.7,91.4, South Africa,Johannesburg,"Johannesburg, South Africa"
331,"Kaliningrad, Russia",29.0,8.4,19.2,26.1,24.6,35.1,72,15.3,3.9,3.9,26.3,25.9,203.6,0.5,155.2,113.9,56.4,61.1,62.7,30.1,15.9,40.9,57.3,39.9, Russia,Kaliningrad,"Kaliningrad, Russia"
48,"Kansas City, MO, United States",77.1,51.2,64.8,77.7,72.9,119.7,256,2.7,10.4,11.8,9.6,8.5,24.3,4.1,61.4,171.1,133.3,48.1,67.0,75.2,4.8,37.3,42.8,79.3, United States,Kansas City,"Kansas City, United States"
205,"Kaohsiung, Taiwan",47.5,10.5,29.9,59.2,23.2,56.0,54,16.5,1.9,2.6,52.1,38.4,102.2,1.0,79.0,163.5,94.1,84.5,86.6,46.5,25.0,34.4,48.5,84.4, Taiwan,Kaohsiung,"Kaohsiung, Taiwan"
370,"Karachi, Pakistan",19.3,3.0,11.6,17.4,12.2,23.8,104,12.9,4.7,5.1,21.2,19.6,271.6,0.4,186.0,83.4,27.1,43.6,56.5,18.7,12.9,42.5,89.3,71.3, Pakistan,Karachi,"Karachi, Pakistan"
343,"Kathmandu, Nepal",27.7,5.1,17.0,25.8,17.8,20.6,8,35.5,2.2,2.2,45.7,45.2,524.3,0.2,94.9,150.2,92.9,57.9,67.5,53.5,12.2,36.1,49.8,77.7, Nepal,Kathmandu,"Kathmandu, Nepal"
240,"Katowice, Poland",42.0,15.7,29.5,37.4,35.4,70.5,185,8.2,5.2,5.2,19.4,19.2,75.5,1.3,109.4,146.9,88.9,72.2,56.3,42.4,11.3,32.6,61.0,76.0, Poland,Katowice,"Katowice, Poland"
215,"Kaunas, Lithuania",45.9,13.8,30.7,42.9,38.4,65.8,150,10.2,3.7,4.3,26.8,23.1,73.1,1.4,63.0,172.7,76.4,72.9,76.5,47.7,13.1,25.8,24.6,66.6, Lithuania,Kaunas,"Kaunas, Lithuania"
327,"Kazan, Russia",29.3,9.1,19.7,25.4,22.5,39.5,42,17.8,3.7,3.6,26.9,27.5,228.1,0.4,155.2,113.9,56.4,61.1,62.7,30.1,15.9,40.9,57.3,39.9, Russia,Kazan,"Kazan, Russia"
333,"Kharkiv, Ukraine",28.7,7.3,18.5,26.4,22.6,32.7,79,14.7,5.6,5.5,18.8,18.7,282.9,0.4,166.0,109.8,37.3,52.5,49.2,26.2,13.1,38.2,56.9,65.4, Ukraine,Kharkiv,"Kharkiv, Ukraine"
309,"Kiev (Kyiv), Ukraine",32.3,11.9,22.6,28.7,29.2,34.8,38,18.1,5.0,5.3,20.2,18.9,342.2,0.3,170.0,104.8,41.9,54.8,57.8,29.1,18.1,43.1,64.9,70.0, Ukraine,Kiev ,"Kiev , Ukraine"
346,"Kigali, Rwanda",27.2,10.1,19.1,27.6,20.5,22.5,137,12.1,5.6,5.7,23.3,22.2,130.3,1.4,94.9,150.2,92.9,57.9,67.5,53.5,12.2,36.1,49.8,77.7, Rwanda,Kigali,"Kigali, Rwanda"
366,"Kochi, India",20.6,6.6,14.0,23.1,10.7,60.7,172,10.7,3.0,3.2,34.3,31.8,116.3,1.1,137.4,127.6,107.1,54.0,65.5,23.2,10.5,48.2,80.1,65.7, India,Kochi,"Kochi, India"
364,"Kolkata, India",21.6,3.8,13.2,23.9,14.6,53.5,179,8.5,3.5,3.9,28.9,25.5,92.3,1.1,171.0,104.0,63.6,54.0,59.8,20.6,8.5,59.6,78.4,60.9, India,Kolkata,"Kolkata, India"
212,"Kosice, Slovakia",46.2,14.9,31.3,43.4,31.5,53.2,90,13.8,3.9,3.5,25.9,28.3,102.1,1.0,100.0,152.1,73.6,69.7,55.3,49.8,15.7,30.9,37.6,80.7, Slovakia,Kosice,"Kosice, Slovakia"
224,"Krakow (Cracow), Poland",44.8,21.4,33.7,38.1,40.1,73.8,120,11.8,4.1,4.2,24.4,23.9,113.1,0.9,122.0,140.5,87.6,74.1,57.8,43.5,11.8,31.6,71.0,73.9, Poland,Krakow ,"Krakow , Poland"
336,"Krasnodar, Russia",28.6,8.4,19.0,24.4,29.3,40.5,56,16.2,3.6,4.1,27.9,24.6,201.9,0.5,155.2,113.9,56.4,61.1,62.7,30.1,15.9,40.9,57.3,39.9, Russia,Krasnodar,"Krasnodar, Russia"
288,"Kuala Lumpur, Malaysia",34.6,11.8,23.8,39.9,22.0,77.8,203,7.3,4.6,6.0,21.6,16.7,54.4,1.8,143.0,127.3,92.7,38.6,68.0,33.4,7.3,41.8,65.3,56.6, Malaysia,Kuala Lumpur,"Kuala Lumpur, Malaysia"
225,"Kuwait City, Kuwait",44.6,24.9,35.2,34.0,39.6,100.8,137,12.1,5.6,5.7,23.3,22.2,130.3,1.4,125.0,137.2,124.9,70.2,57.8,43.8,9.5,34.5,69.8,20.2, Kuwait,Kuwait City,"Kuwait City, Kuwait"
362,"Lagos, Nigeria",21.9,17.4,19.8,23.6,15.5,9.8,137,12.1,5.6,5.7,23.3,22.2,130.3,1.4,199.0,44.4,12.2,31.7,47.5,34.6,18.4,68.8,89.0,60.8, Nigeria,Lagos,"Lagos, Nigeria"
369,"Lahore, Pakistan",19.7,3.3,11.9,16.5,15.1,26.3,94,13.6,4.3,4.4,23.4,22.9,259.1,0.4,169.0,105.8,29.7,63.6,62.3,18.9,13.6,34.7,78.7,67.6, Pakistan,Lahore,"Lahore, Pakistan"
70,"Las Vegas, NV, United States",70.8,40.6,56.4,67.1,70.4,106.8,242,3.5,10.9,10.7,9.2,9.3,31.6,3.2,94.0,156.5,130.0,44.7,54.1,67.5,3.5,27.5,52.0,57.4, United States,Las Vegas,"Las Vegas, United States"
4,"Lausanne, Switzerland",117.7,46.4,83.9,123.3,106.2,106.7,108,12.6,2.2,2.3,45.1,44.3,81.0,1.2,10.0,197.0,153.6,73.4,70.8,99.8,13.4,35.0,24.0,82.0, Switzerland,Lausanne,"Lausanne, Switzerland"
143,"Leeds, United Kingdom",62.6,29.4,46.8,51.8,64.5,102.5,135,11.2,4.4,4.9,23.2,20.8,94.7,1.2,73.0,163.7,107.7,50.0,74.8,65.8,8.8,35.8,44.7,86.3, United Kingdom,Leeds,"Leeds, United Kingdom"
148,"Leipzig, Germany",61.9,20.4,42.2,59.6,48.9,88.7,156,10.0,3.3,3.6,30.7,28.4,71.5,1.5,29.5,186.3,128.0,61.7,74.8,63.6,9.4,30.4,33.3,82.1, Germany,Leipzig,"Leipzig, Germany"
166,"Leuven, Belgium",58.3,23.7,41.9,52.6,55.1,93.5,204,7.3,5.2,5.0,19.2,19.8,49.8,2.0,106.0,148.2,103.5,44.7,73.6,65.7,6.9,36.8,61.6,83.8, Belgium,Leuven,"Leuven, Belgium"
292,"Lima, Peru",34.4,13.0,24.3,34.6,23.5,25.2,52,16.6,7.7,6.5,13.0,15.4,187.2,0.5,188.0,80.4,30.5,29.1,58.1,34.0,16.6,50.4,85.3,97.7, Peru,Lima,"Lima, Peru"
165,"Limassol, Cyprus",59.2,41.5,50.8,51.1,57.2,58.4,136,11.2,7.1,7.5,14.0,13.3,81.8,1.2,114.0,143.5,66.4,62.7,51.3,57.0,11.2,20.6,59.5,95.7, Cyprus,Limassol,"Limassol, Cyprus"
98,"Linz, Austria",67.1,20.9,45.2,67.0,57.8,87.1,177,8.7,3.3,3.6,30.5,27.5,60.2,1.7,7.0,199.0,112.9,69.8,79.7,64.2,11.6,22.8,16.2,81.8, Austria,Linz,"Linz, Austria"
192,"Lisbon, Portugal",51.1,35.1,43.5,44.9,47.5,42.3,34,19.4,4.9,6.4,20.6,15.7,140.8,0.7,97.0,153.2,52.5,70.2,73.3,49.4,19.4,34.6,35.1,98.6, Portugal,Lisbon,"Lisbon, Portugal"
105,"Liverpool, United Kingdom",66.4,25.4,46.9,57.6,64.1,81.2,135,11.2,4.4,4.9,23.2,20.8,94.7,1.2,73.0,163.7,107.7,50.0,74.8,65.8,8.8,35.8,44.7,86.3, United Kingdom,Liverpool,"Liverpool, United Kingdom"
183,"Ljubljana, Slovenia",53.2,23.2,39.0,49.6,46.2,66.0,96,13.4,3.9,4.0,25.7,25.3,93.2,1.1,51.0,176.0,77.4,79.0,67.0,50.9,13.4,26.0,22.7,76.1, Slovenia,Ljubljana,"Ljubljana, Slovenia"
245,"Lodz, Poland",41.3,15.5,29.0,34.1,35.2,62.1,139,10.8,4.2,4.7,23.9,21.6,101.0,1.0,109.4,146.9,88.9,72.2,56.3,42.4,11.3,32.6,61.0,76.0, Poland,Lodz,"Lodz, Poland"
27,"London, United Kingdom",80.1,71.6,76.1,64.2,79.7,83.0,58,16.0,3.5,4.4,28.3,22.8,132.5,0.8,126.0,136.0,101.2,45.4,70.0,76.9,16.0,44.7,57.9,88.3, United Kingdom,London,"London, United Kingdom"
17,"Los Angeles, CA, United States",85.1,67.1,76.6,84.4,87.7,135.8,206,7.1,6.9,6.4,14.4,15.7,64.4,1.6,119.0,141.4,126.0,47.0,61.1,80.2,7.1,57.5,67.4,95.5, United States,Los Angeles,"Los Angeles, United States"
83,"Louisville, KY, United States",69.2,36.2,53.5,69.7,68.0,135.1,240,3.6,8.7,7.9,11.4,12.6,32.2,3.1,61.4,171.1,133.3,48.1,67.0,75.2,4.8,37.3,42.8,79.3, United States,Louisville,"Louisville, United States"
365,"Lucknow (Lakhnau), India",20.8,4.1,12.9,19.9,11.3,54.4,172,10.7,3.0,3.2,34.3,31.8,116.3,1.1,137.4,127.6,107.1,54.0,65.5,23.2,10.5,48.2,80.1,65.7, India,Lucknow ,"Lucknow , India"
122,"Luxembourg, Luxembourg",65.2,44.3,55.3,64.6,72.5,135.2,169,9.2,3.4,3.8,29.7,26.4,58.4,1.7,2.0,221.3,171.5,71.1,78.2,60.9,9.2,26.6,19.6,82.6, Luxembourg,Luxembourg,"Luxembourg, Luxembourg"
334,"Lviv, Ukraine",28.6,11.4,20.5,27.1,20.4,35.6,76,14.7,5.3,6.5,18.9,15.5,224.0,0.4,140.0,130.2,43.9,61.8,61.0,26.1,14.7,32.1,48.8,69.6, Ukraine,Lviv,"Lviv, Ukraine"
87,"Lyon, France",68.9,23.4,47.3,73.0,57.1,92.4,174,8.8,3.5,3.2,28.9,31.2,62.3,1.6,141.0,130.1,92.7,42.3,77.5,72.7,17.5,41.3,64.8,88.4, France,Lyon,"Lyon, France"
95,"Maastricht, Netherlands",67.4,29.3,49.3,59.0,59.1,97.6,198,7.1,5.7,6.0,17.9,16.8,52.3,2.1,4.5,212.4,131.4,75.2,79.6,61.5,6.8,23.3,21.5,87.8, Netherlands,Maastricht,"Maastricht, Netherlands"
48,"Madison, WI, United States",77.1,51.2,64.8,77.7,72.9,119.7,248,3.2,11.0,11.4,9.1,8.8,28.8,3.5,61.4,171.1,133.3,48.1,67.0,75.2,4.8,37.3,42.8,79.3, United States,Madison,"Madison, United States"
184,"Madrid, Spain",52.7,31.7,42.7,49.2,52.9,86.4,190,8.1,5.8,7.2,17.1,13.8,52.7,1.9,22.0,188.1,98.5,73.5,79.6,52.4,8.1,25.1,33.9,85.5, Spain,Madrid,"Madrid, Spain"
203,"Malaga, Spain",47.8,26.0,37.5,42.5,44.0,80.3,167,9.2,6.0,7.1,17.5,14.8,62.6,1.8,45.0,179.3,94.7,64.9,79.0,50.3,8.4,26.1,40.2,91.7, Spain,Malaga,"Malaga, Spain"
129,"Malmo, Sweden",64.6,21.0,43.9,64.8,55.2,100.1,219,5.9,4.4,5.4,22.6,18.5,46.1,2.2,36.5,182.4,119.2,53.6,66.9,60.4,9.8,29.7,19.1,73.6, Sweden,Malmo,"Malmo, Sweden"
186,"Manama, Bahrain",52.5,24.1,39.0,43.7,44.7,79.8,233,4.5,8.4,9.3,11.9,10.7,44.9,2.2,94.9,150.2,92.9,57.9,67.5,53.5,12.2,36.1,49.8,77.7, Bahrain,Manama,"Manama, Bahrain"
100,"Manchester, United Kingdom",67.0,34.0,51.3,59.7,66.2,80.4,135,11.2,4.4,4.9,23.2,20.8,94.7,1.2,104.0,150.4,95.6,44.7,75.4,64.0,7.6,39.0,53.7,86.9, United Kingdom,Manchester,"Manchester, United Kingdom"
262,"Manila, Philippines",37.6,15.9,27.3,40.5,21.9,29.4,9,33.4,3.5,2.2,28.5,45.6,324.0,0.3,197.0,53.7,33.6,35.3,62.5,36.0,33.4,51.7,89.8,61.2, Philippines,Manila,"Manila, Philippines"
117,"Mannheim, Germany",65.5,22.2,44.9,59.3,47.9,104.4,156,10.0,3.3,3.6,30.7,28.4,71.5,1.5,29.5,186.3,128.0,61.7,74.8,63.6,9.4,30.4,33.3,82.1, Germany,Mannheim,"Mannheim, Germany"
313,"Marrakech, Morocco",31.9,7.2,20.2,28.2,26.1,29.0,66,15.4,5.5,5.7,18.2,17.6,120.2,0.8,94.9,150.2,92.9,57.9,67.5,53.5,12.2,36.1,49.8,77.7, Morocco,Marrakech,"Marrakech, Morocco"
302,"Medellin, Colombia",32.7,11.8,22.8,31.7,23.5,26.6,33,19.7,5.8,5.7,17.3,17.7,304.2,0.3,156.0,115.9,31.4,46.3,78.7,32.4,19.7,38.7,63.3,99.8, Colombia,Medellin,"Medellin, Colombia"
74,"Melbourne, Australia",70.2,42.0,56.9,68.8,64.1,100.5,201,7.4,4.5,4.2,22.3,23.6,65.7,1.5,15.0,192.6,142.5,56.3,73.1,65.2,7.4,41.8,27.6,94.3, Australia,Melbourne,"Melbourne, Australia"
48,"Memphis, TN, United States",77.1,51.2,64.8,77.7,72.9,119.7,263,1.8,15.9,15.6,6.3,6.4,16.6,6.0,61.4,171.1,133.3,48.1,67.0,75.2,4.8,37.3,42.8,79.3, United States,Memphis,"Memphis, United States"
206,"Mexico City, Mexico",47.3,24.9,36.7,49.1,43.6,34.0,51,16.8,7.5,6.3,13.3,15.8,208.9,0.5,185.0,86.8,39.4,32.2,65.9,46.1,16.8,53.1,81.5,92.4, Mexico,Mexico City,"Mexico City, Mexico"
33,"Miami, FL, United States",77.7,71.4,74.7,71.0,87.4,90.9,218,6.0,10.2,11.9,9.8,8.4,53.8,1.9,93.0,156.7,98.6,47.2,64.0,75.3,6.0,42.5,38.6,85.7, United States,Miami,"Miami, United States"
79,"Milan, Italy",69.7,40.6,55.9,65.0,70.1,49.8,30,20.2,3.6,4.6,27.6,21.9,151.7,0.7,154.0,116.0,59.6,48.5,71.2,66.5,20.2,36.0,67.7,88.1, Italy,Milan,"Milan, Italy"
48,"Milwaukee, WI, United States",77.1,51.2,64.8,77.7,72.9,119.7,264,1.8,19.7,16.4,5.1,6.1,16.4,6.1,61.4,171.1,133.3,48.1,67.0,75.2,4.8,37.3,42.8,79.3, United States,Milwaukee,"Milwaukee, United States"
47,"Minneapolis, MN, United States",75.0,37.7,57.3,72.6,71.7,124.5,233,4.3,11.4,10.7,10.6,10.7,39.0,3.4,55.0,175.3,139.4,44.2,71.5,71.6,3.2,35.5,29.3,49.5, United States,Minneapolis,"Minneapolis, United States"
339,"Minsk, Belarus",28.2,9.4,19.3,25.5,26.5,45.2,115,12.3,4.9,4.9,20.2,20.5,202.9,0.5,142.0,128.8,56.7,48.1,49.0,26.9,12.3,31.2,42.7,64.4, Belarus,Minsk,"Minsk, Belarus"
99,"Mississauga, Canada",67.1,46.9,57.5,63.0,59.4,88.8,163,9.1,6.0,6.1,19.7,17.8,81.4,1.7,66.0,170.7,110.7,56.4,69.9,62.2,8.8,37.3,23.5,58.7, Canada,Mississauga,"Mississauga, Canada"
189,"Monterrey, Mexico",51.8,25.5,39.3,51.4,46.9,44.6,51,16.8,7.5,6.3,13.3,15.8,208.9,0.5,145.0,124.9,54.5,52.0,69.0,51.6,8.8,31.8,71.2,80.4, Mexico,Monterrey,"Monterrey, Mexico"
177,"Montevideo, Uruguay",54.4,15.6,36.0,49.8,47.4,53.0,172,9.0,5.1,4.8,19.5,20.8,80.5,1.2,120.0,141.0,62.0,44.2,68.5,54.5,9.0,40.1,47.2,98.0, Uruguay,Montevideo,"Montevideo, Uruguay"
120,"Montpellier, France",65.3,22.6,45.0,70.8,52.9,85.2,109,13.2,3.2,3.0,32.2,33.2,93.5,1.2,141.0,130.1,92.7,42.3,77.5,72.7,17.5,41.3,64.8,88.4, France,Montpellier,"Montpellier, France"
116,"Montreal, Canada",65.5,31.3,49.3,68.7,68.6,84.5,142,10.8,3.6,4.8,28.0,20.9,96.2,1.0,95.0,156.3,98.5,67.7,62.5,62.0,10.8,39.7,33.7,52.4, Canada,Montreal,"Montreal, Canada"
280,"Moscow, Russia",35.7,21.1,28.8,30.2,32.6,60.6,36,18.8,3.5,3.7,28.4,27.4,293.7,0.3,147.0,121.8,71.6,64.1,67.1,35.7,18.8,50.4,55.2,55.8, Russia,Moscow,"Moscow, Russia"
351,"Mumbai, India",25.2,19.0,22.2,25.6,21.0,54.2,10,32.6,2.2,2.4,44.6,42.0,349.9,0.3,184.0,87.5,70.2,55.3,65.3,23.8,32.6,55.0,83.5,71.5, India,Mumbai,"Mumbai, India"
102,"Munich, Germany",66.7,38.5,53.3,58.6,61.9,109.7,103,12.9,3.1,3.3,32.7,30.2,90.6,1.1,13.0,193.4,120.4,79.2,78.1,65.9,12.9,30.0,24.6,76.0, Germany,Munich,"Munich, Germany"
218,"Muscat, Oman",45.6,16.2,31.7,38.9,37.5,82.7,234,4.5,7.9,7.9,12.6,12.7,34.6,2.9,38.0,181.5,95.9,80.3,60.7,42.7,4.5,20.2,37.3,67.2, Oman,Muscat,"Muscat, Oman"
349,"Nairobi, Kenya",25.9,8.9,17.9,25.1,19.3,30.2,133,11.4,8.9,6.9,11.2,14.6,164.8,0.6,176.0,98.4,34.4,40.7,62.1,30.3,11.4,52.7,79.8,99.8, Kenya,Nairobi,"Nairobi, Kenya"
318,"Nanjing, China",31.6,12.6,22.6,37.0,17.8,63.9,19,27.6,1.5,1.7,65.4,60.2,209.2,0.5,164.0,108.9,90.2,72.5,66.6,36.4,37.3,45.7,74.7,70.6, China,Nanjing,"Nanjing, China"
171,"Naples, Italy",55.7,19.7,38.7,52.6,53.3,53.2,86,14.0,4.0,4.8,25.2,21.0,108.2,0.9,135.3,129.8,71.9,49.1,67.2,59.3,14.5,33.9,64.1,89.2, Italy,Naples,"Naples, Italy"
37,"Nashville, TN, United States",77.0,51.8,65.0,78.4,71.0,114.4,238,3.7,12.6,10.2,7.9,9.8,33.4,3.0,53.0,175.6,127.4,52.3,63.8,72.4,3.7,39.0,36.4,83.0, United States,Nashville,"Nashville, United States"
40,"New Orleans, LA, United States",76.6,42.9,60.6,79.7,76.3,97.3,246,3.3,13.6,11.7,7.3,8.6,29.9,3.3,61.4,171.1,133.3,48.1,67.0,75.2,4.8,37.3,42.8,79.3, United States,New Orleans,"New Orleans, United States"
7,"New York, NY, United States",100.0,100.0,100.0,100.0,100.0,100.0,102,13.0,5.4,4.9,18.4,20.5,118.2,0.8,136.0,132.7,100.0,49.3,62.7,100.0,13.0,43.6,58.3,79.7, United States,New York,"New York, United States"
140,"Newcastle upon Tyne, United Kingdom",63.0,30.0,47.3,58.1,61.6,84.5,135,11.2,4.4,4.9,23.2,20.8,94.7,1.2,73.0,163.7,107.7,50.0,74.8,65.8,8.8,35.8,44.7,86.3, United Kingdom,Newcastle upon Tyne,"Newcastle upon Tyne, United Kingdom"
181,"Nicosia, Cyprus",53.6,18.9,37.2,47.2,49.3,65.1,136,11.2,7.1,7.5,14.0,13.3,81.8,1.2,114.0,143.5,66.4,62.7,51.3,57.0,11.2,20.6,59.5,95.7, Cyprus,Nicosia,"Nicosia, Cyprus"
295,"Nis, Serbia",33.8,7.6,21.4,31.2,25.8,43.1,70,15.1,3.4,3.2,29.8,30.8,137.7,0.7,150.5,122.6,48.0,61.4,51.6,40.2,18.2,27.3,60.1,84.0, Serbia,Nis,"Nis, Serbia"
330,"Nizhny Novgorod, Russia",29.0,7.8,19.0,25.2,26.4,43.4,65,15.6,3.4,3.4,29.4,29.7,191.2,0.5,107.0,148.1,51.5,72.2,74.5,27.7,15.6,27.1,32.6,45.5, Russia,Nizhny Novgorod,"Nizhny Novgorod, Russia"
350,"Noida, India",25.2,5.2,15.7,25.6,19.5,83.0,172,10.7,3.0,3.2,34.3,31.8,116.3,1.1,137.4,127.6,107.1,54.0,65.5,23.2,10.5,48.2,80.1,65.7, India,Noida,"Noida, India"
125,"Nottingham, United Kingdom",64.8,27.1,46.9,62.2,55.9,92.9,135,11.2,4.4,4.9,23.2,20.8,94.7,1.2,73.0,163.7,107.7,50.0,74.8,65.8,8.8,35.8,44.7,86.3, United Kingdom,Nottingham,"Nottingham, United Kingdom"
250,"Novi Sad, Serbia",40.0,13.8,27.6,37.4,30.5,41.1,48,17.1,4.1,4.3,24.2,23.2,158.5,0.6,137.0,132.6,48.0,60.7,49.9,39.0,17.1,18.2,52.2,84.0, Serbia,Novi Sad,"Novi Sad, Serbia"
325,"Novosibirsk, Russia",29.6,9.3,20.0,26.2,26.2,38.1,73,14.9,4.1,4.4,24.3,23.0,185.5,0.5,181.0,89.9,47.7,53.1,56.9,28.0,14.9,40.9,68.7,16.1, Russia,Novosibirsk,"Novosibirsk, Russia"
130,"Nuremberg, Germany",64.6,23.8,45.2,58.8,61.5,100.2,156,10.0,3.3,3.6,30.7,28.4,71.5,1.5,29.5,186.3,128.0,61.7,74.8,63.6,9.4,30.4,33.3,82.1, Germany,Nuremberg,"Nuremberg, Germany"
48,"Oakland, CA, United States",77.1,51.2,64.8,77.7,72.9,119.7,215,6.3,7.9,5.9,12.6,16.9,56.8,1.8,61.4,171.1,133.3,48.1,67.0,75.2,4.8,37.3,42.8,79.3, United States,Oakland,"Oakland, United States"
328,"Odessa (Odesa), Ukraine",29.3,6.4,18.4,27.0,24.6,33.1,89,13.8,4.4,4.1,22.9,24.4,348.4,0.3,167.0,108.6,38.6,45.9,51.0,27.2,13.8,36.6,62.6,79.0, Ukraine,Odessa ,"Odessa , Ukraine"
60,"Oklahoma City, OK, United States",72.1,34.6,54.3,72.8,60.2,96.5,233,4.3,11.4,10.7,10.6,10.7,39.0,3.4,61.4,171.1,133.3,48.1,67.0,75.2,4.8,37.3,42.8,79.3, United States,Oklahoma City,"Oklahoma City, United States"
48,"Omaha, NE, United States",77.1,51.2,64.8,77.7,72.9,119.7,261,2.2,18.2,13.9,5.5,7.2,20.0,5.0,61.4,171.1,133.3,48.1,67.0,75.2,4.8,37.3,42.8,79.3, United States,Omaha,"Omaha, United States"
252,"Oradea, Romania",39.7,11.4,26.2,36.7,37.2,52.7,112,12.4,4.3,4.1,23.0,24.4,114.4,0.9,107.7,147.5,70.0,74.7,63.9,39.1,10.6,31.6,58.3,77.3, Romania,Oradea,"Oradea, Romania"
61,"Orlando, FL, United States",72.1,49.0,61.2,73.1,73.6,111.4,233,4.3,11.4,10.7,10.6,10.7,39.0,3.4,36.0,182.2,138.3,50.0,60.7,68.6,2.9,36.6,35.2,87.2, United States,Orlando,"Orlando, United States"
207,"Osaka, Japan",47.2,13.7,31.3,54.0,29.1,106.7,106,12.9,3.0,2.9,33.7,34.8,76.1,1.3,57.0,175.1,111.2,76.0,79.2,53.6,12.9,42.5,42.0,85.3, Japan,Osaka,"Osaka, Japan"
230,"Osijek, Croatia",43.9,10.9,28.3,40.7,32.3,55.8,159,9.6,4.0,3.9,25.1,25.7,72.2,1.4,71.0,168.6,75.7,78.6,65.0,47.8,12.5,30.2,33.1,82.2, Croatia,Osijek,"Osijek, Croatia"
29,"Oslo, Norway",80.0,33.5,57.9,80.1,75.8,99.1,156,9.9,3.4,3.8,29.4,26.5,74.9,1.3,27.0,185.0,113.5,66.5,78.4,74.8,9.9,27.3,21.0,60.0, Norway,Oslo,"Oslo, Norway"
200,"Ostrava, Czech Republic",48.3,14.0,32.0,44.7,36.4,69.3,93,13.9,3.0,3.2,33.9,30.6,117.4,0.9,66.0,170.3,87.0,75.0,75.4,46.2,15.2,28.9,36.6,79.4, Czech Republic,Ostrava,"Ostrava, Czech Republic"
50,"Ottawa, Canada",73.3,37.9,56.5,68.7,80.6,81.1,189,8.1,5.7,5.4,17.5,18.4,73.1,1.4,68.0,169.6,101.8,69.6,69.0,66.5,8.1,34.4,24.5,44.5, Canada,Ottawa,"Ottawa, Canada"
56,"Oxford, United Kingdom",72.6,45.6,59.8,69.1,64.2,82.0,135,11.2,4.4,4.9,23.2,20.8,94.7,1.2,73.0,163.7,107.7,50.0,74.8,65.8,8.8,35.8,44.7,86.3, United Kingdom,Oxford,"Oxford, United Kingdom"
158,"Padova, Italy",60.9,25.9,44.3,55.8,55.5,57.0,112,12.9,4.0,4.6,25.3,21.8,98.7,1.1,135.3,129.8,71.9,49.1,67.2,59.3,14.5,33.9,64.1,89.2, Italy,Padova,"Padova, Italy"
194,"Palma de Mallorca, Spain",50.5,24.6,38.2,47.2,46.1,77.7,129,11.5,5.1,6.5,19.5,15.3,80.2,1.2,45.0,179.3,94.7,64.9,79.0,50.3,8.4,26.1,40.2,91.7, Spain,Palma de Mallorca,"Palma de Mallorca, Spain"
198,"Panama City, Panama",49.1,24.9,37.6,48.6,47.1,35.6,132,11.4,9.1,9.4,11.0,10.6,98.3,1.0,157.0,115.7,41.2,52.7,58.8,46.6,11.4,32.8,61.4,67.8, Panama,Panama City,"Panama City, Panama"
179,"Paphos, Cyprus",54.0,24.0,39.8,43.1,51.9,63.1,136,11.2,7.1,7.5,14.0,13.3,81.8,1.2,114.0,143.5,66.4,62.7,51.3,57.0,11.2,20.6,59.5,95.7, Cyprus,Paphos,"Paphos, Cyprus"
46,"Paris, France",75.4,42.0,59.5,78.7,70.1,81.4,44,17.5,2.8,2.8,35.5,35.2,124.7,0.8,141.0,130.1,92.7,42.3,77.5,72.7,17.5,41.3,64.8,88.4, France,Paris,"Paris, France"
144,"Parma, Italy",62.4,18.9,41.8,58.3,59.2,61.8,112,12.9,4.0,4.6,25.3,21.8,98.7,1.1,135.3,129.8,71.9,49.1,67.2,59.3,14.5,33.9,64.1,89.2, Italy,Parma,"Parma, Italy"
311,"Penang, Malaysia",32.1,10.2,21.7,39.6,18.5,66.9,203,7.3,4.6,6.0,21.6,16.7,54.4,1.8,143.0,127.3,92.7,38.6,68.0,33.4,7.3,41.8,65.3,56.6, Malaysia,Penang,"Penang, Malaysia"
347,"Perm, Russia",27.1,7.3,17.7,25.1,25.2,39.8,72,15.3,3.9,3.9,26.3,25.9,203.6,0.5,155.2,113.9,56.4,61.1,62.7,30.1,15.9,40.9,57.3,39.9, Russia,Perm,"Perm, Russia"
45,"Perth, Australia",75.6,38.8,58.2,76.9,69.9,97.1,225,5.4,5.9,6.5,16.9,15.3,48.2,2.1,17.0,192.2,133.8,58.3,71.8,69.5,5.4,41.5,26.9,95.7, Australia,Perth,"Perth, Australia"
39,"Philadelphia, PA, United States",76.6,44.0,61.2,80.5,68.1,113.8,233,4.3,11.4,10.7,10.6,10.7,39.0,3.4,96.0,155.0,119.1,34.3,70.2,74.8,3.9,40.4,48.5,78.0, United States,Philadelphia,"Philadelphia, United States"
241,"Phnom Penh, Cambodia",42.0,13.1,28.3,43.9,25.6,17.5,14,29.7,5.4,4.7,18.5,21.4,367.8,0.3,94.9,150.2,92.9,57.9,67.5,53.5,12.2,36.1,49.8,77.7, Cambodia,Phnom Penh,"Phnom Penh, Cambodia"
85,"Phoenix, AZ, United States",69.0,41.4,55.9,65.2,69.5,130.6,233,4.3,11.4,10.7,10.6,10.7,39.0,3.4,85.0,160.4,144.0,46.2,66.5,67.1,3.5,33.1,57.1,53.8, United States,Phoenix,"Phoenix, United States"
253,"Phuket, Thailand",39.8,21.5,31.2,42.1,25.3,26.6,22,25.4,4.7,5.9,21.2,16.9,190.6,0.5,183.0,88.1,39.0,60.2,76.7,39.2,29.2,45.6,77.9,58.4, Thailand,Phuket,"Phuket, Thailand"
42,"Pittsburgh, PA, United States",76.1,37.6,57.8,84.8,62.0,114.3,233,4.3,11.4,10.7,10.6,10.7,39.0,3.4,61.0,173.3,126.9,61.4,72.0,71.9,2.9,37.9,48.0,72.1, United States,Pittsburgh,"Pittsburgh, United States"
268,"Plovdiv, Bulgaria",37.0,9.0,23.7,37.6,30.2,56.8,186,8.2,4.6,5.4,21.6,18.4,65.1,1.5,121.0,139.4,70.4,62.1,61.0,39.0,9.4,30.0,64.2,80.6, Bulgaria,Plovdiv,"Plovdiv, Bulgaria"
208,"Plzen, Czech Republic",47.2,13.7,31.3,45.3,32.7,78.8,135,11.2,2.7,3.2,37.6,31.0,94.2,1.1,66.0,170.3,87.0,75.0,75.4,46.2,15.2,28.9,36.6,79.4, Czech Republic,Plzen,"Plzen, Czech Republic"
254,"Podgorica, Montenegro",39.7,14.2,27.6,36.6,29.4,45.2,139,11.1,5.8,5.7,17.3,17.5,96.3,1.0,94.9,150.2,92.9,57.9,67.5,53.5,12.2,36.1,49.8,77.7, Montenegro,Podgorica,"Podgorica, Montenegro"
167,"Port of Spain, Trinidad And Tobago",58.1,15.7,38.0,58.3,51.4,33.0,137,12.1,5.6,5.7,23.3,22.2,130.3,1.4,94.9,150.2,92.9,57.9,67.5,53.5,12.2,36.1,49.8,77.7, Trinidad And Tobago,Port of Spain,"Port of Spain, Trinidad And Tobago"
22,"Portland, OR, United States",82.3,49.2,66.6,82.0,71.8,103.5,239,3.6,10.7,9.5,9.3,10.6,32.1,3.1,28.0,184.8,133.6,43.3,71.7,77.5,3.6,32.6,31.7,89.6, United States,Portland,"Portland, United States"
277,"Porto Alegre, Brazil",35.9,9.8,23.5,33.6,23.5,32.3,37,20.2,4.5,4.6,22.2,22.0,248.6,0.4,151.0,118.4,37.7,29.3,64.4,33.2,13.8,31.3,55.9,98.7, Brazil,Porto Alegre,"Porto Alegre, Brazil"
217,"Porto, Portugal",45.6,24.3,35.5,43.2,35.7,61.5,173,8.9,7.5,8.6,13.4,11.7,59.1,1.7,31.0,184.5,68.2,68.4,80.2,44.6,8.9,23.6,24.2,96.6, Portugal,Porto,"Porto, Portugal"
236,"Poznan, Poland",42.1,17.1,30.3,37.5,35.6,70.5,170,9.0,4.5,4.9,22.0,20.3,82.7,1.2,101.0,151.6,89.6,72.1,57.0,41.0,9.0,32.5,59.2,77.4, Poland,Poznan,"Poznan, Poland"
190,"Prague, Czech Republic",51.5,26.8,39.8,45.5,38.9,65.0,47,17.2,3.1,3.2,31.8,30.8,145.7,0.7,73.0,166.9,81.9,75.6,74.6,49.4,17.2,31.8,33.6,80.7, Czech Republic,Prague,"Prague, Czech Republic"
294,"Pretoria, South Africa",34.2,10.3,22.9,28.3,27.0,99.4,237,4.2,9.6,8.3,10.6,12.4,54.0,2.0,111.0,145.0,106.8,18.0,66.3,34.0,2.2,45.2,55.5,95.8, South Africa,Pretoria,"Pretoria, South Africa"
307,"Pristina, Kosovo (Disputed Territory)",32.4,9.3,21.4,29.7,21.9,34.8,72,14.9,4.0,5.4,24.9,18.4,115.8,0.9,94.9,150.2,92.9,57.9,67.5,53.5,12.2,36.1,49.8,77.7, Kosovo ,Pristina,"Pristina, Kosovo "
352,"Pune, India",25.1,7.3,16.7,25.4,22.7,107.2,210,6.6,2.8,2.9,35.7,33.9,72.6,1.4,88.0,159.3,143.0,59.2,65.7,23.9,6.6,44.1,71.1,74.3, India,Pune,"Pune, India"
71,"Quebec City, Canada",70.4,24.3,48.5,72.6,66.2,79.8,163,9.1,6.0,6.1,19.7,17.8,81.4,1.7,77.0,164.5,102.0,77.7,70.5,64.2,11.3,33.9,37.0,48.0, Canada,Quebec City,"Quebec City, Canada"
214,"Queretaro (Santiago de Quertaro), Mexico",46.0,13.8,30.7,49.4,38.8,51.3,51,16.8,7.5,6.3,13.3,15.8,208.9,0.5,160.0,110.3,45.8,40.6,71.6,47.5,13.6,42.2,70.6,88.5, Mexico,Queretaro ,"Queretaro , Mexico"
282,"Quito, Ecuador",35.5,9.8,23.3,36.2,28.1,31.6,105,12.9,6.1,6.1,16.3,16.3,170.8,0.6,159.0,115.2,38.6,37.0,70.1,34.4,12.9,40.1,65.1,99.0, Ecuador,Quito,"Quito, Ecuador"
305,"Rabat, Morocco",32.6,11.2,22.5,30.5,22.6,34.4,68,15.2,5.2,5.3,19.2,18.9,117.0,0.9,94.9,150.2,92.9,57.9,67.5,53.5,12.2,36.1,49.8,77.7, Morocco,Rabat,"Rabat, Morocco"
35,"Raleigh, NC, United States",77.3,53.7,66.1,75.9,73.2,101.1,207,7.1,4.9,9.5,20.5,10.5,63.5,1.6,40.0,180.7,120.3,61.7,66.5,75.6,7.1,35.2,30.9,83.9, United States,Raleigh,"Raleigh, United States"
48,"Reno, NV, United States",77.1,51.2,64.8,77.7,72.9,119.7,236,4.1,8.9,8.6,11.2,11.7,37.3,2.7,61.4,171.1,133.3,48.1,67.0,75.2,4.8,37.3,42.8,79.3, United States,Reno,"Reno, United States"
12,"Reykjavik, Iceland",88.5,45.0,67.9,90.1,92.6,81.2,198,7.7,5.9,6.6,17.1,15.1,77.9,1.3,18.0,190.1,98.3,75.8,68.0,83.1,7.7,21.9,15.5,68.8, Iceland,Reykjavik,"Reykjavik, Iceland"
185,"Riga, Latvia",52.5,12.2,33.4,43.2,47.0,54.1,175,8.8,4.3,4.7,23.2,21.4,67.1,1.5,103.0,151.3,65.5,61.2,60.5,50.0,8.8,31.1,37.8,74.7, Latvia,Riga,"Riga, Latvia"
201,"Rijeka, Croatia",48.1,13.7,31.7,42.7,45.1,56.5,128,11.5,3.9,3.7,25.7,27.3,88.9,1.1,71.0,168.6,75.7,78.6,65.0,47.8,12.5,30.2,33.1,82.2, Croatia,Rijeka,"Rijeka, Croatia"
140,"Rimini, Italy",62.1,25.4,44.7,59.0,59.0,58.4,195,7.9,4.4,4.8,22.8,20.9,57.2,1.7,135.3,129.8,71.9,49.1,67.2,59.3,14.5,33.9,64.1,89.2, Italy,Rimini,"Rimini, Italy"
258,"Rio de Janeiro, Brazil",38.7,12.3,26.2,33.1,29.3,20.7,25,24.7,4.8,5.8,20.9,17.2,292.1,0.3,192.0,69.4,23.9,22.6,45.5,36.5,24.7,51.8,67.3,88.2, Brazil,Rio de Janeiro,"Rio de Janeiro, Brazil"
191,"Riyadh, Saudi Arabia",51.2,27.2,39.8,41.7,38.6,103.1,250,3.1,11.6,11.6,8.6,8.6,24.1,4.1,82.0,161.2,124.3,74.5,64.7,49.2,3.1,32.5,63.3,44.4, Saudi Arabia,Riyadh,"Riyadh, Saudi Arabia"
168,"Rome, Italy",57.9,28.6,44.0,53.6,55.8,61.4,69,15.2,3.5,4.4,28.4,22.8,117.9,0.8,129.0,135.1,74.9,50.4,63.8,54.6,15.2,38.2,55.6,93.7, Italy,Rome,"Rome, Italy"
337,"Rostov-na-donu, Russia",28.5,7.1,18.3,23.7,24.0,42.1,118,11.9,5.3,4.2,18.8,23.7,144.7,0.7,155.2,113.9,56.4,61.1,62.7,30.1,15.9,40.9,57.3,39.9, Russia,Rostov-na-donu,"Rostov-na-donu, Russia"
149,"Rotterdam, Netherlands",61.9,33.6,48.5,57.2,56.4,116.4,227,5.3,6.0,7.3,16.6,13.7,37.4,2.7,4.0,214.1,140.6,71.7,80.6,59.2,5.3,23.4,24.7,87.9, Netherlands,Rotterdam,"Rotterdam, Netherlands"
20,"Sacramento, CA, United States",83.7,53.0,69.1,86.4,63.3,116.3,233,4.3,11.4,10.7,10.6,10.7,39.0,3.4,47.0,178.1,130.7,50.2,68.5,80.1,4.2,27.0,46.8,90.6, United States,Sacramento,"Sacramento, United States"
104,"Saint Louis, MO, United States",66.5,36.3,52.2,68.8,62.4,131.6,262,2.1,13.0,13.0,7.7,7.7,19.0,5.3,61.4,171.1,133.3,48.1,67.0,75.2,4.8,37.3,42.8,79.3, United States,Saint Louis,"Saint Louis, United States"
319,"Saint Petersburg, Russia",31.3,12.6,22.4,26.9,28.2,49.8,49,17.1,3.8,3.8,26.2,26.3,253.2,0.4,163.0,113.0,57.8,61.2,61.0,31.1,17.1,48.5,61.4,60.6, Russia,Saint Petersburg,"Saint Petersburg, Russia"
73,"Salt Lake City, UT, United States",70.3,41.7,56.8,66.9,64.7,131.7,233,4.3,11.4,10.7,10.6,10.7,39.0,3.4,64.0,172.1,144.4,65.6,68.4,66.8,3.0,34.1,61.9,66.5, United States,Salt Lake City,"Salt Lake City, United States"
69,"Salzburg, Austria",70.9,27.1,50.1,69.1,61.8,83.8,125,11.6,3.4,3.4,29.5,29.7,81.4,1.2,7.0,199.0,112.9,69.8,79.7,64.2,11.6,22.8,16.2,81.8, Austria,Salzburg,"Salzburg, Austria"
329,"Samara, Russia",29.2,7.8,19.1,23.5,27.1,35.0,60,15.9,3.7,4.0,27.0,25.2,212.8,0.5,155.2,113.9,56.4,61.1,62.7,30.1,15.9,40.9,57.3,39.9, Russia,Samara,"Samara, Russia"
94,"San Antonio, TX, United States",67.5,41.3,55.1,60.4,67.1,115.9,220,5.7,5.9,9.4,16.9,10.6,50.9,2.0,62.0,173.1,126.2,51.9,67.6,64.4,5.7,31.7,43.9,80.6, United States,San Antonio,"San Antonio, United States"
15,"San Diego, CA, United States",86.4,78.5,82.6,77.2,82.5,102.6,233,4.3,11.4,10.7,10.6,10.7,39.0,3.4,37.0,182.1,128.8,59.8,67.8,80.1,6.7,35.2,39.8,97.1, United States,San Diego,"San Diego, United States"
8,"San Francisco, CA, United States",92.5,83.9,88.4,97.5,85.6,136.0,180,8.5,5.3,5.0,18.9,20.0,77.5,1.3,87.0,159.8,148.0,38.5,63.9,88.9,8.5,49.8,51.4,97.3, United States,San Francisco,"San Francisco, United States"
175,"San Jose, Costa Rica",54.6,18.5,37.4,56.0,46.7,35.2,137,12.1,5.6,5.7,23.3,22.2,130.3,1.4,94.9,150.2,92.9,57.9,67.5,53.5,12.2,36.1,49.8,77.7, Costa Rica,San Jose,"San Jose, Costa Rica"
10,"San Jose, CA, United States",90.5,72.2,81.8,90.4,83.5,139.7,167,9.3,4.1,4.6,24.4,21.5,83.8,1.2,58.0,174.5,153.8,51.9,64.6,83.0,9.3,38.6,50.6,95.5, United States,San Jose,"San Jose, United States"
53,"San Juan, Puerto Rico",73.2,45.9,60.3,71.1,63.1,50.7,137,12.1,5.6,5.7,23.3,22.2,130.3,1.4,94.9,150.2,92.9,57.9,67.5,53.5,12.2,36.1,49.8,77.7, Puerto Rico,San Juan,"San Juan, Puerto Rico"
231,"Santiago, Chile",43.1,13.4,29.0,43.3,40.6,35.7,41,17.9,4.7,3.8,21.3,26.3,145.1,0.7,173.0,103.4,41.9,36.8,65.2,42.6,17.9,37.2,70.8,90.2, Chile,Santiago,"Santiago, Chile"
219,"Santo Domingo, Dominican Republic",45.2,19.8,33.1,41.6,38.6,22.3,137,12.1,5.6,5.7,23.3,22.2,130.3,1.4,94.9,150.2,92.9,57.9,67.5,53.5,12.2,36.1,49.8,77.7, Dominican Republic,Santo Domingo,"Santo Domingo, Dominican Republic"
252,"Sao Paulo, Brazil",40.0,14.3,27.8,36.5,35.2,25.6,27,23.4,4.9,4.9,20.3,20.4,288.1,0.3,189.0,78.8,30.8,29.6,59.9,37.5,23.4,50.8,79.0,99.0, Brazil,Sao Paulo,"Sao Paulo, Brazil"
271,"Sarajevo, Bosnia And Herzegovina",36.8,7.4,22.9,34.0,23.8,54.5,101,13.0,2.6,2.9,39.0,34.8,87.5,1.1,135.0,132.8,67.6,55.9,61.5,35.3,13.0,26.6,64.6,78.2, Bosnia And Herzegovina,Sarajevo,"Sarajevo, Bosnia And Herzegovina"
80,"Saskatoon, Canada",69.7,26.0,48.9,67.3,63.8,84.7,163,9.1,6.0,6.1,19.7,17.8,81.4,1.7,76.9,164.3,100.7,59.9,70.2,65.6,9.6,34.4,28.3,54.7, Canada,Saskatoon,"Saskatoon, Canada"
13,"Seattle, WA, United States",87.7,61.9,75.4,87.1,79.9,156.2,229,5.0,6.5,7.8,15.5,12.8,44.9,2.2,20.0,189.0,160.3,45.9,70.7,80.4,5.0,43.0,33.6,91.7, United States,Seattle,"Seattle, United States"
72,"Seoul, South Korea",70.3,29.1,50.8,92.1,37.4,91.3,20,25.9,1.3,1.3,75.9,77.5,207.5,0.5,117.0,142.1,103.2,75.5,83.0,65.4,25.9,43.1,58.4,68.4, South Korea,Seoul,"Seoul, South Korea"
193,"Seville (Sevilla), Spain",50.8,21.2,36.7,48.3,42.9,67.6,167,9.2,6.0,7.1,17.5,14.8,62.6,1.8,45.0,179.3,94.7,64.9,79.0,50.3,8.4,26.1,40.2,91.7, Spain,Seville ,"Seville , Spain"
238,"Shanghai, China",42.1,30.7,36.7,45.8,26.9,60.4,3,43.5,1.6,1.5,62.6,65.8,337.0,0.3,175.0,101.2,77.0,71.4,64.4,38.0,43.5,47.8,71.5,83.6, China,Shanghai,"Shanghai, China"
211,"Sharjah, United Arab Emirates",46.5,23.8,35.8,35.6,32.3,71.5,222,5.6,7.8,8.0,13.5,14.0,45.6,2.2,42.0,180.1,133.6,86.0,70.3,57.2,5.6,34.0,47.7,47.1, United Arab Emirates,Sharjah,"Sharjah, United Arab Emirates"
136,"Sheffield, United Kingdom",63.4,27.5,46.4,54.3,57.8,84.8,135,11.2,4.4,4.9,23.2,20.8,94.7,1.2,73.0,163.7,107.7,50.0,74.8,65.8,8.8,35.8,44.7,86.3, United Kingdom,Sheffield,"Sheffield, United Kingdom"
269,"Shenzhen, China",36.9,19.3,28.5,41.1,24.5,82.0,13,30.5,1.4,1.4,70.6,70.4,231.6,0.4,164.0,108.9,90.2,72.5,66.6,36.4,37.3,45.7,74.7,70.6, China,Shenzhen,"Shenzhen, China"
264,"Sibiu, Romania",37.5,9.1,24.0,34.0,34.1,51.8,168,9.2,4.4,4.2,22.9,24.1,84.3,1.2,107.7,147.5,70.0,74.7,63.9,39.1,10.6,31.6,58.3,77.3, Romania,Sibiu,"Sibiu, Romania"
24,"Singapore, Singapore",81.9,71.9,77.1,75.0,55.3,103.0,40,18.0,3.2,3.4,31.6,29.8,125.5,0.8,84.0,160.8,105.8,76.9,71.9,77.0,18.0,41.1,32.5,57.5, Singapore,Singapore,"Singapore, Singapore"
272,"Skopje, North Macedonia",36.3,7.8,22.8,33.2,26.8,38.6,93,13.7,3.5,3.5,28.4,28.3,106.0,0.9,168.0,108.0,50.7,53.2,54.6,34.2,13.7,27.3,83.2,76.3, North Macedonia,Skopje,"Skopje, North Macedonia"
163,"Sliema, Malta",59.5,30.6,45.8,55.1,60.7,52.7,137,12.1,5.6,5.7,23.3,22.2,130.3,1.4,94.9,150.2,92.9,57.9,67.5,53.5,12.2,36.1,49.8,77.7, Malta,Sliema,"Sliema, Malta"
242,"Sofia, Bulgaria",41.6,12.6,27.9,39.7,36.5,69.0,165,9.4,4.1,4.6,24.1,21.8,65.7,1.5,127.0,135.6,79.3,59.8,58.3,40.5,9.4,31.0,68.7,76.0, Bulgaria,Sofia,"Sofia, Bulgaria"
220,"Split, Croatia",45.1,17.0,31.8,42.8,44.0,59.1,53,16.6,3.1,3.3,32.2,30.1,114.7,0.9,71.0,168.6,75.7,78.6,65.0,47.8,12.5,30.2,33.1,82.2, Croatia,Split,"Split, Croatia"
58,"Spokane, WA, United States",72.4,37.7,55.9,70.0,80.1,104.7,251,3.1,12.5,11.8,8.0,8.5,27.7,3.6,61.4,171.1,133.3,48.1,67.0,75.2,4.8,37.3,42.8,79.3, United States,Spokane,"Spokane, United States"
21,"Stavanger, Norway",82.5,34.1,59.5,77.1,83.9,89.6,211,6.5,5.0,5.0,20.2,19.9,48.9,2.0,27.0,185.0,113.5,66.5,78.4,74.8,9.9,27.3,21.0,60.0, Norway,Stavanger,"Stavanger, Norway"
89,"Stockholm, Sweden",68.8,34.5,52.5,65.3,63.1,93.2,127,11.6,3.2,3.7,31.0,27.2,87.8,1.1,52.0,175.8,115.6,53.7,66.6,62.6,11.6,34.1,18.5,69.7, Sweden,Stockholm,"Stockholm, Sweden"
150,"Stuttgart, Germany",61.7,27.8,45.6,58.3,53.9,127.8,204,7.2,3.6,3.8,28.0,26.4,50.5,2.0,12.0,194.2,149.8,65.4,76.2,62.6,7.2,30.1,41.2,81.1, Germany,Stuttgart,"Stuttgart, Germany"
361,"Surat, India",22.1,13.1,17.9,25.0,14.0,33.9,172,10.7,3.0,3.2,34.3,31.8,116.3,1.1,137.4,127.6,107.1,54.0,65.5,23.2,10.5,48.2,80.1,65.7, India,Surat,"Surat, India"
154,"Suzhou, China",61.6,13.8,38.9,72.2,46.4,37.2,28,22.3,2.1,1.5,47.5,67.7,170.4,0.6,164.0,108.9,90.2,72.5,66.6,36.4,37.3,45.7,74.7,70.6, China,Suzhou,"Suzhou, China"
43,"Sydney, Australia",75.9,55.4,66.2,76.7,63.3,86.2,83,14.2,3.4,3.4,29.8,29.4,125.2,0.8,43.0,179.3,115.4,66.0,74.8,71.7,14.2,43.4,28.6,97.1, Australia,Sydney,"Sydney, Australia"
248,"Szczecin, Poland",40.1,17.4,29.3,35.3,35.1,70.2,139,10.8,4.2,4.7,23.9,21.6,101.0,1.0,109.4,146.9,88.9,72.2,56.3,42.4,11.3,32.6,61.0,76.0, Poland,Szczecin,"Szczecin, Poland"
246,"Szeged, Hungary",40.6,8.4,25.3,40.4,26.6,55.6,88,13.8,3.5,3.9,28.4,25.5,149.0,0.7,134.0,133.1,65.8,65.8,52.1,44.4,13.8,39.0,53.1,78.4, Hungary,Szeged,"Szeged, Hungary"
196,"Taichung, Taiwan",49.9,13.4,32.6,64.8,21.9,62.0,45,17.3,2.0,1.8,50.8,54.1,103.5,1.0,79.0,163.5,94.1,84.5,86.6,46.5,25.0,34.4,48.5,84.4, Taiwan,Taichung,"Taichung, Taiwan"
187,"Taipei, Taiwan",52.0,20.7,37.2,65.1,30.5,72.4,24,25.0,1.3,2.0,76.5,50.2,149.7,0.7,79.0,163.5,94.1,84.5,86.6,46.5,25.0,34.4,48.5,84.4, Taiwan,Taipei,"Taipei, Taiwan"
172,"Tallinn, Estonia",55.6,16.9,37.2,46.0,55.3,73.1,138,11.1,3.3,3.5,29.9,29.0,87.7,1.1,35.0,182.3,83.2,77.7,74.9,53.2,11.1,24.6,18.7,64.3, Estonia,Tallinn,"Tallinn, Estonia"
23,"Tampa, FL, United States",82.0,52.7,68.1,88.4,71.6,107.4,233,4.3,11.4,10.7,10.6,10.7,39.0,3.4,33.0,183.7,129.2,54.9,67.8,78.5,3.0,36.4,32.5,84.7, United States,Tampa,"Tampa, United States"
151,"Tampere, Finland",61.7,19.9,41.9,59.2,62.0,101.2,202,7.4,3.5,3.8,28.2,26.1,51.7,1.9,9.0,197.4,110.7,75.6,80.1,66.1,10.1,25.1,12.6,62.8, Finland,Tampere,"Tampere, Finland"
320,"Tangier, Morocco",30.7,8.9,20.4,30.0,22.0,25.0,66,15.4,5.5,5.7,18.2,17.6,120.2,0.8,94.9,150.2,92.9,57.9,67.5,53.5,12.2,36.1,49.8,77.7, Morocco,Tangier,"Tangier, Morocco"
176,"Tartu, Estonia",54.5,14.4,35.5,48.7,46.2,63.0,154,10.1,3.5,3.7,28.8,27.3,73.2,1.4,35.0,182.3,83.2,77.7,74.9,53.2,11.1,24.6,18.7,64.3, Estonia,Tartu,"Tartu, Estonia"
335,"Tashkent, Uzbekistan",28.6,14.9,22.1,28.5,23.2,28.4,107,12.7,9.8,11.2,10.2,9.0,283.2,0.4,94.9,150.2,92.9,57.9,67.5,53.5,12.2,36.1,49.8,77.7, Uzbekistan,Tashkent,"Tashkent, Uzbekistan"
255,"Tbilisi, Georgia",39.2,19.3,29.7,36.4,38.2,27.8,97,13.3,8.7,10.1,11.4,9.9,169.6,0.6,155.0,115.9,34.4,74.4,55.1,37.2,13.3,40.6,71.7,84.2, Georgia,Tbilisi,"Tbilisi, Georgia"
323,"Tehran, Iran",29.7,12.4,21.5,23.1,18.2,18.2,5,39.1,4.4,5.0,22.5,20.1,933.2,0.1,198.0,53.3,20.6,43.2,53.2,28.4,39.1,51.8,80.4,71.0, Iran,Tehran,"Tehran, Iran"
57,"Tel Aviv-Yafo, Israel",72.5,42.3,58.2,66.1,79.3,81.6,26,24.1,2.1,2.2,47.5,45.6,180.6,0.6,92.0,156.7,96.1,73.7,73.8,68.0,24.1,35.7,45.9,93.9, Israel,Tel Aviv-Yafo,"Tel Aviv-Yafo, Israel"
161,"The Hague (Den Haag), Netherlands",59.6,32.1,46.6,55.0,56.1,124.3,221,5.7,6.0,6.3,16.8,15.8,40.3,2.5,1.0,224.1,138.9,79.9,80.6,58.1,5.7,21.3,17.6,90.6, Netherlands,The Hague ,"The Hague , Netherlands"
174,"Thessaloniki, Greece",55.5,13.7,35.7,48.6,51.6,38.0,85,14.0,3.8,4.3,26.4,23.0,105.8,0.9,158.0,115.6,47.0,46.3,55.4,53.0,14.0,29.9,65.5,88.4, Greece,Thessaloniki,"Thessaloniki, Greece"
257,"Timisoara, Romania",38.7,9.8,25.0,36.2,35.5,54.2,158,9.8,3.9,4.2,25.5,23.6,90.7,1.1,90.0,157.0,67.9,74.3,71.2,37.9,9.8,24.3,56.2,82.0, Romania,Timisoara,"Timisoara, Romania"
226,"Tirana, Albania",44.6,13.1,29.6,42.2,39.2,31.5,59,15.9,4.5,5.6,22.0,18.0,135.1,0.7,179.0,94.8,38.5,58.7,47.8,44.4,15.9,39.0,87.0,86.4, Albania,Tirana,"Tirana, Albania"
169,"Tokyo, Japan",57.4,29.3,44.1,67.0,35.4,98.6,106,12.9,3.0,2.9,33.7,34.8,76.1,1.3,57.0,175.1,111.2,76.0,79.2,53.6,12.9,42.5,42.0,85.3, Japan,Tokyo,"Tokyo, Japan"
63,"Toronto, Canada",71.6,50.0,61.4,72.3,67.9,84.5,91,13.7,3.9,4.2,25.6,24.0,122.7,0.8,99.0,152.2,99.6,56.8,74.5,67.0,13.7,44.7,37.3,65.3, Canada,Toronto,"Toronto, Canada"
16,"Trondheim, Norway",86.3,30.2,59.7,77.9,87.9,91.5,152,10.2,3.2,3.2,31.3,30.9,74.2,1.3,27.0,185.0,113.5,66.5,78.4,74.8,9.9,27.3,21.0,60.0, Norway,Trondheim,"Trondheim, Norway"
32,"Tucson, AZ, United States",78.2,37.3,58.8,76.3,75.0,105.4,244,3.4,11.1,10.0,9.0,10.0,30.3,3.3,49.0,177.8,122.0,45.5,61.3,68.6,3.4,27.3,27.9,72.7, United States,Tucson,"Tucson, United States"
48,"Tulsa, OK, United States",77.1,51.2,64.8,77.7,72.9,119.7,259,2.3,13.4,11.3,7.5,8.8,21.2,4.7,61.4,171.1,133.3,48.1,67.0,75.2,4.8,37.3,42.8,79.3, United States,Tulsa,"Tulsa, United States"
321,"Tunis, Tunisia",30.4,5.7,18.7,32.1,15.5,24.1,81,14.4,5.0,4.5,19.8,22.2,192.2,0.5,94.9,150.2,92.9,57.9,67.5,53.5,12.2,36.1,49.8,77.7, Tunisia,Tunis,"Tunis, Tunisia"
162,"Turin, Italy",59.6,18.2,39.9,58.4,55.2,66.2,188,8.1,4.2,5.5,24.1,18.1,63.0,1.6,123.0,138.4,81.2,48.4,66.6,56.9,8.1,27.5,68.9,85.7, Italy,Turin,"Turin, Italy"
92,"Turku, Finland",68.9,24.9,48.0,65.4,71.7,94.6,223,5.5,3.9,6.1,25.6,16.4,38.5,2.6,9.0,197.4,110.7,75.6,80.1,66.1,10.1,25.1,12.6,62.8, Finland,Turku,"Turku, Finland"
332,"Ufa, Russia",28.8,5.6,17.8,25.2,24.7,43.5,67,15.3,3.0,2.8,32.9,35.2,195.5,0.5,155.2,113.9,56.4,61.1,62.7,30.1,15.9,40.9,57.3,39.9, Russia,Ufa,"Ufa, Russia"
284,"Ulaanbaatar, Mongolia",35.2,13.0,24.7,38.6,22.5,22.5,66,15.4,7.9,9.0,12.7,11.1,135.4,0.7,94.9,150.2,92.9,57.9,67.5,53.5,12.2,36.1,49.8,77.7, Mongolia,Ulaanbaatar,"Ulaanbaatar, Mongolia"
137,"Uppsala, Sweden",63.1,20.4,42.8,62.1,55.2,84.3,179,8.5,3.8,4.4,27.0,23.1,65.2,1.6,36.5,182.4,119.2,53.6,66.9,60.4,9.8,29.7,19.1,73.6, Sweden,Uppsala,"Uppsala, Sweden"
133,"Utrecht, Netherlands",64.3,32.8,49.4,56.7,63.3,110.0,212,6.5,5.4,5.9,18.6,17.0,49.2,2.0,4.5,212.4,131.4,75.2,79.6,61.5,6.8,23.3,21.5,87.8, Netherlands,Utrecht,"Utrecht, Netherlands"
357,"Vadodara, India",22.9,3.9,13.9,25.6,15.4,54.3,172,10.7,3.0,3.2,34.3,31.8,116.3,1.1,137.4,127.6,107.1,54.0,65.5,23.2,10.5,48.2,80.1,65.7, India,Vadodara,"Vadodara, India"
221,"Valencia, Spain",45.1,23.6,34.9,44.0,40.9,94.5,228,5.2,8.4,9.4,11.9,10.7,34.9,2.9,5.0,202.5,98.7,72.8,80.6,46.3,5.2,22.8,23.4,93.8, Spain,Valencia,"Valencia, Spain"
48,"Vancouver, Canada",74.4,54.9,65.2,80.6,67.2,71.9,77,14.6,3.9,4.9,25.6,20.6,130.8,0.8,72.0,167.6,90.6,57.8,72.3,69.6,14.6,36.7,25.5,91.2, Canada,Vancouver,"Vancouver, Canada"
260,"Varna, Bulgaria",38.4,11.5,25.6,36.8,31.6,51.5,162,9.4,4.7,5.5,21.2,18.0,75.6,1.3,115.0,143.3,61.5,64.4,63.8,37.4,9.4,28.9,59.7,85.1, Bulgaria,Varna,"Varna, Bulgaria"
38,"Victoria, Canada",76.7,47.2,62.7,82.6,70.6,59.8,163,9.1,6.0,6.1,19.7,17.8,81.4,1.7,75.0,166.6,76.0,59.0,66.6,71.4,15.4,32.0,18.4,92.5, Canada,Victoria,"Victoria, Canada"
108,"Vienna, Austria",66.2,27.4,47.8,65.0,61.1,93.4,126,11.6,2.7,3.2,36.9,31.4,78.5,1.3,7.0,199.0,112.9,69.8,79.7,64.2,11.6,22.8,16.2,81.8, Austria,Vienna,"Vienna, Austria"
199,"Vigo, Spain",49.0,16.7,33.7,45.5,39.4,70.0,167,9.2,6.0,7.1,17.5,14.8,62.6,1.8,45.0,179.3,94.7,64.9,79.0,50.3,8.4,26.1,40.2,91.7, Spain,Vigo,"Vigo, Spain"
195,"Vilnius, Lithuania",50.2,19.9,35.8,44.4,51.1,64.1,100,13.1,3.6,4.0,27.7,24.7,97.3,1.0,63.0,172.7,76.4,72.9,76.5,47.7,13.1,25.8,24.6,66.6, Lithuania,Vilnius,"Vilnius, Lithuania"
299,"Vladivostok, Russia",33.2,12.4,23.3,30.6,29.7,36.8,72,15.3,3.9,3.9,26.3,25.9,203.6,0.5,155.2,113.9,56.4,61.1,62.7,30.1,15.9,40.9,57.3,39.9, Russia,Vladivostok,"Vladivostok, Russia"
213,"Warsaw, Poland",46.0,26.4,36.7,38.2,41.4,73.0,114,12.3,4.1,4.8,24.2,20.6,118.7,0.8,109.0,147.1,90.4,74.4,58.3,44.1,12.3,34.8,60.4,74.6, Poland,Warsaw,"Warsaw, Poland"
18,"Washington, DC, United States",84.8,73.0,79.2,83.1,86.0,138.8,209,6.9,6.1,6.7,16.5,14.9,61.6,1.6,74.0,166.7,137.6,40.0,70.1,81.1,6.9,41.2,42.1,81.6, United States,Washington,"Washington, United States"
52,"Wellington, New Zealand",73.3,40.1,57.5,76.5,63.1,68.2,87,13.9,4.1,4.2,24.1,23.9,128.9,0.8,70.0,168.8,82.2,67.2,64.8,68.5,13.9,39.3,23.6,97.7, New Zealand,Wellington,"Wellington, New Zealand"
112,"Winnipeg, Canada",66.0,26.1,47.1,68.1,57.9,79.3,163,9.1,6.0,6.1,19.7,17.8,81.4,1.7,121.0,140.6,92.7,39.8,68.7,62.7,6.3,31.3,35.7,24.7, Canada,Winnipeg,"Winnipeg, Canada"
232,"Wroclaw, Poland",43.1,20.4,32.3,36.6,37.8,69.0,124,11.7,4.1,4.8,24.5,21.0,107.1,0.9,113.0,144.1,81.5,73.1,57.4,42.2,11.7,34.0,61.9,78.4, Poland,Wroclaw,"Wroclaw, Poland"
304,"Wuhan, China",32.7,8.6,21.2,35.7,19.2,60.7,18,29.0,1.6,1.6,64.7,62.2,220.8,0.5,164.0,108.9,90.2,72.5,66.6,36.4,37.3,45.7,74.7,70.6, China,Wuhan,"Wuhan, China"
322,"Yekaterinburg, Russia",29.8,10.3,20.6,26.0,26.0,46.1,98,13.3,4.7,4.7,21.2,21.1,185.3,0.5,178.0,96.6,53.2,54.9,53.9,28.2,13.3,37.6,68.8,21.3, Russia,Yekaterinburg,"Yekaterinburg, Russia"
247,"Yerevan, Armenia",40.2,21.5,31.3,34.9,38.1,28.8,32,19.9,6.2,8.6,16.2,11.6,306.4,0.3,152.0,116.7,32.8,77.7,57.3,41.2,19.9,29.8,60.7,63.4, Armenia,Yerevan,"Yerevan, Armenia"
197,"Zagreb, Croatia",49.7,18.0,34.6,45.4,46.9,62.8,109,12.5,3.5,3.8,28.4,26.3,91.4,1.1,71.0,168.6,75.7,78.6,65.0,47.8,12.5,30.2,33.1,82.2, Croatia,Zagreb,"Zagreb, Croatia"
3,"Zurich, Switzerland",118.3,64.4,92.7,121.0,109.0,132.7,84,14.0,1.9,2.3,51.4,43.8,88.3,1.1,6.0,201.2,165.7,77.3,69.9,100.3,14.0,38.9,23.0,81.5, Switzerland,Zurich,"Zurich, Switzerland"
